"Player","Source","Target","Weight"
"Corentin Tolisso","Olympique Lyon","Bayern Munich","41500000"
"Kingsley Coman","Juventus FC","Bayern Munich","21000000"
"Niklas Süle","TSG 1899 Hoffenheim","Bayern Munich","20000000"
"Sandro Wagner","TSG 1899 Hoffenheim","Bayern Munich","13000000"
"Serge Gnabry","SV Werder Bremen","Bayern Munich","8000000"
"Medhi Benatia","Bayern Munich","Juventus FC","17000000"
"Gianluca Gaudino","Bayern Munich","Chievo Verona","50000"
"Kevin Kampl","Bayer 04 Leverkusen","RB Leipzig","20000000"
"Jean-Kévin Augustin","Paris Saint-Germain","RB Leipzig","16000000"
"Bruma","Galatasaray SK","RB Leipzig","13000000"
"Konrad Laimer","Red Bull Salzburg","RB Leipzig","7000000"
"Yvon Mvogo","BSC Young Boys","RB Leipzig","5000000"
"Oliver Burke","RB Leipzig","West Bromwich Albion","15200000"
"Davie Selke","RB Leipzig","Hertha BSC","8000000"
"Marvin Compper","RB Leipzig","Celtic FC","1140000"
"Andriy Yarmolenko","Dynamo Kyiv","Borussia Dortmund","25000000"
"Manuel Akanji","FC Basel 1893","Borussia Dortmund","21500000"
"Maximilian Philipp","SC Freiburg","Borussia Dortmund","20000000"
"Ömer Toprak","Bayer 04 Leverkusen","Borussia Dortmund","12000000"
"Mahmoud Dahoud","Borussia Mönchengladbach","Borussia Dortmund","12000000"
"Jeremy Toljan","TSG 1899 Hoffenheim","Borussia Dortmund","7000000"
"Ousmane Dembélé","Borussia Dortmund","FC Barcelona","115000000"
"Pierre-Emerick Aubameyang","Borussia Dortmund","Arsenal FC","63750000"
"Matthias Ginter","Borussia Dortmund","Borussia Mönchengladbach","17000000"
"Emre Mor","Borussia Dortmund","Celta de Vigo","13000000"
"Sven Bender","Borussia Dortmund","Bayer 04 Leverkusen","12500000"
"Adrián Ramos","Borussia Dortmund","Chongqing Dangdai Lifan","12000000"
"Marc Bartra","Borussia Dortmund","Real Betis Balompié","10500000"
"Pascal Stenzel","Borussia Dortmund","SC Freiburg","4000000"
"Havard Nordtveit","West Ham United","TSG 1899 Hoffenheim","8000000"
"Nico Schulz","Borussia Mönchengladbach","TSG 1899 Hoffenheim","3000000"
"Justin Hoogma","Heracles Almelo","TSG 1899 Hoffenheim","2700000"
"Fabian Schär","TSG 1899 Hoffenheim","Deportivo de La Coruña","3000000"
"Marco Terrazzino","TSG 1899 Hoffenheim","SC Freiburg","2500000"
"Nicolai Rapp","TSG 1899 Hoffenheim","FC Erzgebirge Aue","50000"
"Jhon Córdoba","1.FSV Mainz 05","1. FC Köln","17000000"
"Jannes Horn","VfL Wolfsburg","1. FC Köln","7000000"
"Jorge Meré","Sporting Gijón","1. FC Köln","7000000"
"Simon Terodde","VfB Stuttgart","1. FC Köln","3000000"
"Vincent Koziello","OGC Nice","1. FC Köln","3000000"
"Konstantin Rausch","1. FC Köln","Dinamo Moscow","1500000"
"Marcel Hartel","1. FC Köln","1.FC Union Berlin","250000"
"Mathew Leckie","FC Ingolstadt 04","Hertha BSC","3000000"
"Karim Rekik","Olympique Marseille","Hertha BSC","2500000"
"John Anthony Brooks","Hertha BSC","VfL Wolfsburg","17000000"
"Sebastian Langkamp","Hertha BSC","SV Werder Bremen","1000000"
"Yoric Ravet","BSC Young Boys","SC Freiburg","4500000"
"Robin Koch","1.FC Kaiserslautern","SC Freiburg","4000000"
"Florian Niederlechner","1.FSV Mainz 05","SC Freiburg","2300000"
"Lucas Höler","SV Sandhausen","SC Freiburg","1100000"
"Patrick Kammerbauer","1.FC Nuremberg","SC Freiburg","350000"
"Vincenzo Grifo","SC Freiburg","Borussia Mönchengladbach","6000000"
"Onur Bulut","SC Freiburg","Eintracht Braunschweig","900000"
"Sebastian Kerk","SC Freiburg","1.FC Nuremberg","500000"
"Havard Nielsen","SC Freiburg","Fortuna Düsseldorf","400000"
"Milot Rashica","Vitesse Arnhem","SV Werder Bremen","7000000"
"Ludwig Augustinsson","FC Copenhagen","SV Werder Bremen","4500000"
"Jiri Pavlenka","SK Slavia Prag","SV Werder Bremen","3000000"
"Jérôme Gondorf","SV Darmstadt 98","SV Werder Bremen","1200000"
"Felix Wiedwald","SV Werder Bremen","Leeds United","500000"
"Levent Aycicek","SV Werder Bremen","SpVgg Greuther Fürth","200000"
"Marnon Busch","SV Werder Bremen","1.FC Heidenheim 1846","100000"
"Denis Zakaria","BSC Young Boys","Borussia Mönchengladbach","12000000"
"Raúl Bobadilla","FC Augsburg","Borussia Mönchengladbach","2000000"
"André Hahn","Borussia Mönchengladbach","Hamburger SV","6000000"
"Timothée Kolodziejczak","Borussia Mönchengladbach","Tigres UANL","5000000"
"Julian Korb","Borussia Mönchengladbach","Hannover 96","3000000"
"Djibril Sow","Borussia Mönchengladbach","BSC Young Boys","2000000"
"Nabil Bentaleb","Tottenham Hotspur","FC Schalke 04","19000000"
"Yevhen Konoplyanka","Sevilla FC","FC Schalke 04","12500000"
"Amine Harit","FC Nantes","FC Schalke 04","8000000"
"Bastian Oczipka","Eintracht Frankfurt","FC Schalke 04","4500000"
"Pablo Insua","Deportivo de La Coruña","FC Schalke 04","3500000"
"Cedric Teuchert","1.FC Nuremberg","FC Schalke 04","1000000"
"Felix Platte","FC Schalke 04","SV Darmstadt 98","800000"
"Fabian Giefer","FC Schalke 04","FC Augsburg","750000"
"Sébastien Haller","FC Utrecht","Eintracht Frankfurt","7000000"
"Jetro Willems","PSV Eindhoven","Eintracht Frankfurt","5000000"
"Simon Falette","FC Metz","Eintracht Frankfurt","2700000"
"Daichi Kamada","Sagan Tosu","Eintracht Frankfurt","1600000"
"Danny da Costa","Bayer 04 Leverkusen","Eintracht Frankfurt","1000000"
"Marijan Cavar","HSK Zrinjski Mostar","Eintracht Frankfurt","400000"
"Gelson Fernandes","Stade Rennais FC","Eintracht Frankfurt","350000"
"Lucas Alario","Club Atlético River Plate","Bayer 04 Leverkusen","24000000"
"Panagiotis Retsos","Olympiacos Piraeus","Bayer 04 Leverkusen","17500000"
"Dominik Kohr","FC Augsburg","Bayer 04 Leverkusen","2000000"
"Hakan Calhanoglu","Bayer 04 Leverkusen","AC Milan","22000000"
"Chicharito","Bayer 04 Leverkusen","West Ham United","17800000"
"Admir Mehmedi","Bayer 04 Leverkusen","VfL Wolfsburg","8000000"
"Kyriakos Papadopoulos","Bayer 04 Leverkusen","Hamburger SV","6500000"
"André Ramalho","Bayer 04 Leverkusen","Red Bull Salzburg","800000"
"Michael Gregoritsch","Hamburger SV","FC Augsburg","5500000"
"Sergio Córdova","Caracas FC","FC Augsburg","1000000"
"Kilian Jakob","TSV 1860 Munich","FC Augsburg","300000"
"Paul Verhaegh","FC Augsburg","VfL Wolfsburg","1500000"
"Albian Ajeti","FC Augsburg","FC St. Gallen 1879","1000000"
"Erik Thommy","FC Augsburg","VfB Stuttgart","500000"
"Julian Pollersbeck","1.FC Kaiserslautern","Hamburger SV","3500000"
"Rick van Drongelen","Sparta Rotterdam","Hamburger SV","3000000"
"Abdou Diallo","AS Monaco","1.FSV Mainz 05","5000000"
"Anthony Ujah","Liaoning FC","1.FSV Mainz 05","3800000"
"Viktor Fischer","Middlesbrough FC","1.FSV Mainz 05","3000000"
"Alexandru Maxim","VfB Stuttgart","1.FSV Mainz 05","3000000"
"Kenan Kodro","CA Osasuna","1.FSV Mainz 05","1750000"
"Viktor Fischer","1.FSV Mainz 05","FC Copenhagen","2700000"
"Fabian Frei","1.FSV Mainz 05","FC Basel 1893","1500000"
"Pierre Bengtsson","1.FSV Mainz 05","FC Copenhagen","1000000"
"Jairo Samperio","1.FSV Mainz 05","UD Las Palmas","350000"
"Ignacio Camacho","Málaga CF","VfL Wolfsburg","15000000"
"Landry Dimata","KV Oostende","VfL Wolfsburg","10000000"
"William","Sport Club Internacional","VfL Wolfsburg","5000000"
"Marvin Stefaniak","SG Dynamo Dresden","VfL Wolfsburg","2000000"
"Renato Steffen","FC Basel 1893","VfL Wolfsburg","1750000"
"Felix Uduokhai","TSV 1860 Munich","VfL Wolfsburg","1000000"
"Ricardo Rodríguez","VfL Wolfsburg","AC Milan","15000000"
"Luiz Gustavo","VfL Wolfsburg","Olympique Marseille","10000000"
"Mario Gómez","VfL Wolfsburg","VfB Stuttgart","3000000"
"Vieirinha","VfL Wolfsburg","PAOK Thessaloniki","1000000"
"Chadrac Akolo","FC Sion","VfB Stuttgart","6000000"
"Santiago Ascacíbar","Club Estudiantes de La Plata","VfB Stuttgart","6000000"
"Anastasios Donis","Juventus FC","VfB Stuttgart","4000000"
"Ron-Robert Zieler","Leicester City","VfB Stuttgart","4000000"
"Aílton","GD Estoril Praia","VfB Stuttgart","2500000"
"Andreas Beck","Besiktas JK","VfB Stuttgart","2500000"
"Orel Mangala","RSC Anderlecht Reserve","VfB Stuttgart","1800000"
"Alexander Meyer","FC Energie Cottbus","VfB Stuttgart","400000"
"Toni Sunjic","VfB Stuttgart","Dinamo Moscow","700000"
"Mitchell Langerak","VfB Stuttgart","Levante UD","600000"
"Jonathas","Rubin Kazan","Hannover 96","9000000"
"Ihlas Bebou","Fortuna Düsseldorf","Hannover 96","4500000"
"Michael Esser","SV Darmstadt 98","Hannover 96","2000000"
"Andre Hoffmann","Hannover 96","Fortuna Düsseldorf","250000"
"Mats Hummels","Borussia Dortmund","Bayern Munich","35000000"
"Renato Sanches","SL Benfica","Bayern Munich","35000000"
"Mario Götze","Bayern Munich","Borussia Dortmund","22000000"
"Pierre-Emile Höjbjerg","Bayern Munich","Southampton FC","15000000"
"Sebastian Rode","Bayern Munich","Borussia Dortmund","12000000"
"Julian Green","Bayern Munich","VfB Stuttgart","300000"
"André Schürrle","VfL Wolfsburg","Borussia Dortmund","30000000"
"Ousmane Dembélé","Stade Rennais FC","Borussia Dortmund","15000000"
"Raphaël Guerreiro","FC Lorient","Borussia Dortmund","12000000"
"Emre Mor","FC Nordsjaelland","Borussia Dortmund","9750000"
"Alexander Isak","AIK Solna","Borussia Dortmund","8600000"
"Marc Bartra","FC Barcelona","Borussia Dortmund","8000000"
"Mikel Merino","CA Osasuna","Borussia Dortmund","3750000"
"Henrikh Mkhitaryan","Borussia Dortmund","Manchester United","42000000"
"Ilkay Gündogan","Borussia Dortmund","Manchester City","27000000"
"Jakub Blaszczykowski","Borussia Dortmund","VfL Wolfsburg","5000000"
"Moritz Leitner","Borussia Dortmund","SS Lazio","1500000"
"Aleksandar Dragovic","Dynamo Kyiv","Bayer 04 Leverkusen","18000000"
"Kevin Volland","TSG 1899 Hoffenheim","Bayer 04 Leverkusen","15000000"
"Leon Bailey","KRC Genk","Bayer 04 Leverkusen","13500000"
"Julian Baumgartlinger","1.FSV Mainz 05","Bayer 04 Leverkusen","4000000"
"Jonas Meffert","Karlsruher SC","Bayer 04 Leverkusen","600000"
"Ramazan Özcan","FC Ingolstadt 04","Bayer 04 Leverkusen","500000"
"Danny da Costa","FC Ingolstadt 04","Bayer 04 Leverkusen","500000"
"Christoph Kramer","Bayer 04 Leverkusen","Borussia Mönchengladbach","15000000"
"Levin Öztunali","Bayer 04 Leverkusen","1.FSV Mainz 05","5000000"
"Jonas Meffert","Bayer 04 Leverkusen","SC Freiburg","1200000"
"Robbie Kruse","Bayer 04 Leverkusen","Liaoning FC","500000"
"Jannik Vestergaard","SV Werder Bremen","Borussia Mönchengladbach","12500000"
"Timothée Kolodziejczak","Sevilla FC","Borussia Mönchengladbach","7500000"
"Lászlo Bénes","MSK Zilina","Borussia Mönchengladbach","2000000"
"Julio Villalba","Club Cerro Porteño","Borussia Mönchengladbach","1250000"
"Granit Xhaka","Borussia Mönchengladbach","Arsenal FC","45000000"
"Marlon Ritter","Borussia Mönchengladbach","Fortuna Düsseldorf","100000"
"Breel Embolo","FC Basel 1893","FC Schalke 04","22500000"
"Benjamin Stambouli","Paris Saint-Germain","FC Schalke 04","8000000"
"Coke","Sevilla FC","FC Schalke 04","4000000"
"Daniel Caligiuri","VfL Wolfsburg","FC Schalke 04","2500000"
"Guido Burgstaller","1.FC Nuremberg","FC Schalke 04","1500000"
"Robert Leipertz","1.FC Heidenheim 1846","FC Schalke 04","300000"
"Leroy Sané","FC Schalke 04","Manchester City","50500000"
"Júnior Caiçara","FC Schalke 04","Basaksehir ","3000000"
"Christian Clemens","FC Schalke 04","1.FSV Mainz 05","2000000"
"Robert Leipertz","FC Schalke 04","FC Ingolstadt 04","1500000"
"Marco Höger","FC Schalke 04","1. FC Köln","1300000"
"Marvin Friedrich","FC Schalke 04","FC Augsburg","1000000"
"Kaan Ayhan","FC Schalke 04","Fortuna Düsseldorf","500000"
"Jhon Córdoba","Granada CF","1.FSV Mainz 05","6500000"
"Jean-Philippe Gbamin","RC Lens","1.FSV Mainz 05","5000000"
"Gerrit Holtmann","Eintracht Braunschweig","1.FSV Mainz 05","3000000"
"Jonas Lössl","EA Guingamp","1.FSV Mainz 05","2500000"
"Robin Quaison","US Palermo","1.FSV Mainz 05","2500000"
"José Rodríguez","Galatasaray SK","1.FSV Mainz 05","2150000"
"Yunus Malli","1.FSV Mainz 05","VfL Wolfsburg","12500000"
"Loris Karius","1.FSV Mainz 05","Liverpool FC","6200000"
"Christian Clemens","1.FSV Mainz 05","1. FC Köln","2750000"
"Christoph Moritz","1.FSV Mainz 05","1.FC Kaiserslautern","250000"
"Ondrej Duda","Legia Warszawa","Hertha BSC","4200000"
"Alexander Esswein","FC Augsburg","Hertha BSC","2500000"
"Tolga Cigerci","Hertha BSC","Galatasaray SK","3000000"
"Roy Beerens","Hertha BSC","Reading FC","1000000"
"Hajime Hosogai","Hertha BSC","VfB Stuttgart","700000"
"Jens Hegeler","Hertha BSC","Bristol City","300000"
"Yannick Gerhardt","1. FC Köln","VfL Wolfsburg","13000000"
"Riechedly Bazoer","Ajax Amsterdam","VfL Wolfsburg","12000000"
"Jeffrey Bruma","PSV Eindhoven","VfL Wolfsburg","11500000"
"Josip Brekalo","GNK Dinamo Zagreb","VfL Wolfsburg","10000000"
"Paul-Georges Ntep","Stade Rennais FC","VfL Wolfsburg","5000000"
"Victor Osimhen","Ultimate Strikers Academy","VfL Wolfsburg","3500000"
"Josuha Guilavogui","Atlético Madrid","VfL Wolfsburg","3000000"
"Mario Gómez","ACF Fiorentina","VfL Wolfsburg","1050000"
"Julian Draxler","VfL Wolfsburg","Paris Saint-Germain","36000000"
"Bas Dost","VfL Wolfsburg","Sporting CP","11850000"
"Max Kruse","VfL Wolfsburg","SV Werder Bremen","7500000"
"Bruno Henrique","VfL Wolfsburg","Santos FC","4000000"
"Dante","VfL Wolfsburg","OGC Nice","2500000"
"Serhou Guirassy","LOSC Lille","1. FC Köln","3800000"
"Kevin Vogt","1. FC Köln","TSG 1899 Hoffenheim","3000000"
"Mërgim Mavraj","1. FC Köln","Hamburger SV","1800000"
"Filip Mladenovic","1. FC Köln","Standard Liège","1200000"
"Filip Kostic","VfB Stuttgart","Hamburger SV","14000000"
"Walace","Grêmio Foot-Ball Porto Alegrense","Hamburger SV","9200000"
"Douglas Santos","Clube Atlético Mineiro","Hamburger SV","6500000"
"Alen Halilovic","FC Barcelona","Hamburger SV","5000000"
"Bobby Wood","1.FC Union Berlin","Hamburger SV","4000000"
"Luca Waldschmidt","Eintracht Frankfurt","Hamburger SV","1300000"
"Arianit Ferati","VfB Stuttgart","Hamburger SV","850000"
"Christian Mathenia","SV Darmstadt 98","Hamburger SV","800000"
"Cléber Reis","Hamburger SV","Santos FC","3000000"
"Kerem Demirbay","Hamburger SV","TSG 1899 Hoffenheim","1700000"
"Zoltán Stieber","Hamburger SV","1.FC Kaiserslautern","250000"
"Marcel Tisserand","AS Monaco","FC Ingolstadt 04","3500000"
"Florent Hadergjonaj","BSC Young Boys","FC Ingolstadt 04","2000000"
"Martin Hansen","ADO Den Haag","FC Ingolstadt 04","950000"
"Robert Bauer","FC Ingolstadt 04","SV Werder Bremen","2500000"
"Benjamin Hübner","FC Ingolstadt 04","TSG 1899 Hoffenheim","800000"
"Martin Hinteregger","Red Bull Salzburg","FC Augsburg","7000000"
"Jonathan Schmid","TSG 1899 Hoffenheim","FC Augsburg","5200000"
"Alfred Finnbogason","Real Sociedad","FC Augsburg","4000000"
"Moritz Leitner","SS Lazio","FC Augsburg","1500000"
"Takashi Usami","Gamba Osaka","FC Augsburg","1500000"
"Jeong-ho Hong","FC Augsburg","Jiangsu Suning","6000000"
"Ragnar Klavan","FC Augsburg","Liverpool FC","5000000"
"Tobias Werner","FC Augsburg","VfB Stuttgart","1000000"
"Nikola Djurdjic","FC Augsburg","FK Partizan Belgrade","400000"
"Sascha Mölders","FC Augsburg","TSV 1860 Munich","150000"
"Serge Gnabry","Arsenal FC","SV Werder Bremen","5000000"
"Florian Kainz","Rapid Vienna","SV Werder Bremen","3500000"
"Thomas Delaney","FC Copenhagen","SV Werder Bremen","2000000"
"Niklas Moisander","UC Sampdoria","SV Werder Bremen","1700000"
"Fallou Diagne","Stade Rennais FC","SV Werder Bremen","1500000"
"Anthony Ujah","SV Werder Bremen","Liaoning FC","11500000"
"Alejandro Gálvez","SV Werder Bremen","SD Eibar","1500000"
"Felix Kroos","SV Werder Bremen","1.FC Union Berlin","500000"
"Oliver Hüsing","SV Werder Bremen","Ferencvárosi TC","300000"
"Lukas Fröde","SV Werder Bremen","Würzburger Kickers","200000"
"Janek Sternberg","SV Werder Bremen","Ferencvárosi TC","100000"
"Julian von Haacke","SV Werder Bremen","NEC Nijmegen","100000"
"Roman Bezjak","HNK Rijeka","SV Darmstadt 98","2000000"
"Immanuel Höhn","SC Freiburg","SV Darmstadt 98","750000"
"Patrick Banggaard","FC Midtjylland","SV Darmstadt 98","600000"
"Michael Esser","SK Sturm Graz","SV Darmstadt 98","350000"
"Sandro Wagner","SV Darmstadt 98","TSG 1899 Hoffenheim","2800000"
"Slobodan Rajkovic","SV Darmstadt 98","US Palermo","1500000"
"Florian Jungwirth","SV Darmstadt 98","San Jose Earthquakes","100000"
"Andrej Kramaric","Leicester City","TSG 1899 Hoffenheim","11000000"
"Lukas Rupp","VfB Stuttgart","TSG 1899 Hoffenheim","5000000"
"Eduardo Vargas","TSG 1899 Hoffenheim","Tigres UANL","6000000"
"Janik Haberer","TSG 1899 Hoffenheim","SC Freiburg","2000000"
"Jin-su Kim","TSG 1899 Hoffenheim","Jeonbuk Hyundai Motors FC","1400000"
"Tarik Elyounoussi","TSG 1899 Hoffenheim","Olympiacos Piraeus","1000000"
"Christoph Martschinko","TSG 1899 Hoffenheim","Austria Vienna","500000"
"Taleb Tawatha","Maccabi Haifa","Eintracht Frankfurt","1200000"
"Omar Mascarell","Real Madrid","Eintracht Frankfurt","1000000"
"Andersson Ordóñez","Barcelona SC Guayaquil","Eintracht Frankfurt","1000000"
"Carlos Zambrano","Eintracht Frankfurt","Rubin Kazan","3500000"
"Stefan Aigner","Eintracht Frankfurt","TSV 1860 Munich","3000000"
"Luc Castaignos","Eintracht Frankfurt","Sporting CP","2500000"
"Szabolcs Huszti","Eintracht Frankfurt","Changchun Yatai","1000000"
"Aleksandar Ignjovski","Eintracht Frankfurt","SC Freiburg","750000"
"Caglar Söyüncü","Altinordu","SC Freiburg","2650000"
"Vincent Sierro","FC Sion","SC Freiburg","1500000"
"Onur Bulut","VfL Bochum","SC Freiburg","1200000"
"Manuel Gulde","Karlsruher SC","SC Freiburg","1200000"
"Rafal Gikiewicz","Eintracht Braunschweig","SC Freiburg","1000000"
"Christopher Jullien","SC Freiburg","FC Toulouse","2800000"
"Stefan Mitrovic","SC Freiburg","KAA Gent","1500000"
"Naby Keïta","Red Bull Salzburg","RB Leipzig","24000000"
"Oliver Burke","Nottingham Forest","RB Leipzig","15200000"
"Timo Werner","VfB Stuttgart","RB Leipzig","14000000"
"Dayot Upamecano","Red Bull Salzburg","RB Leipzig","10000000"
"Bernardo","Red Bull Salzburg","RB Leipzig","6000000"
"Marius Müller","1.FC Kaiserslautern","RB Leipzig","1700000"
"Benno Schmitz","Red Bull Salzburg","RB Leipzig","800000"
"Islam Slimani","Sporting CP","Leicester City","30500000"
"Ahmed Musa","CSKA Moscow","Leicester City","19500000"
"Wilfred Ndidi","KRC Genk","Leicester City","17600000"
"Nampalys Mendy","OGC Nice","Leicester City","15500000"
"Bartosz Kapustka","Cracovia Kraków","Leicester City","5000000"
"Ron-Robert Zieler","Hannover 96","Leicester City","3500000"
"N'Golo Kanté","Leicester City","Chelsea FC","35800000"
"Jeffrey Schlupp","Leicester City","Crystal Palace","13800000"
"Ritchie De Laet","Leicester City","Aston Villa","2300000"
"Luis Hernández","Leicester City","Málaga CF","2000000"
"Liam Moore","Leicester City","Reading FC","1150000"
"Shkodran Mustafi","Valencia CF","Arsenal FC","41000000"
"Lucas Pérez","Deportivo de La Coruña","Arsenal FC","14000000"
"Takuma Asano","Sanfrecce Hiroshima","Arsenal FC","4000000"
"Rob Holding","Bolton Wanderers","Arsenal FC","3000000"
"Wellington Silva","Arsenal FC","Fluminense Football Club","3000000"
"Moussa Sissoko","Newcastle United","Tottenham Hotspur","35000000"
"Vincent Janssen","AZ Alkmaar","Tottenham Hotspur","22100000"
"Victor Wanyama","Southampton FC","Tottenham Hotspur","14400000"
"Georges-Kevin N'Koudou","Olympique Marseille","Tottenham Hotspur","11000000"
"Ryan Mason","Tottenham Hotspur","Hull City","15400000"
"Nacer Chadli","Tottenham Hotspur","West Bromwich Albion","15200000"
"Alex Pritchard","Tottenham Hotspur","Norwich City","9400000"
"DeAndre Yedlin","Tottenham Hotspur","Newcastle United","5900000"
"Tom Carroll","Tottenham Hotspur","Swansea City","5200000"
"John Stones","Everton FC","Manchester City","55600000"
"Gabriel Jesus","Sociedade Esportiva Palmeiras","Manchester City","32000000"
"Claudio Bravo","FC Barcelona","Manchester City","18000000"
"Nolito","Celta de Vigo","Manchester City","18000000"
"Marlos Moreno","Atlético Nacional","Manchester City","5500000"
"Gerónimo Rulli","Club Deportivo Maldonado","Manchester City","4700000"
"Oleksandr Zinchenko","FK Ufa","Manchester City","2000000"
"Pablo Marí","Gimnàstic de Tarragona","Manchester City","200000"
"Stevan Jovetic","Manchester City","Inter Milan","13500000"
"Edin Dzeko","Manchester City","AS Roma","11000000"
"Gerónimo Rulli","Manchester City","Real Sociedad","7000000"
"Florian Lejeune","Manchester City","SD Eibar","1500000"
"Paul Pogba","Juventus FC","Manchester United","105000000"
"Eric Bailly","Villarreal CF","Manchester United","38000000"
"Morgan Schneiderlin","Manchester United","Everton FC","22900000"
"Memphis Depay","Manchester United","Olympique Lyon","16000000"
"Paddy McNair","Manchester United","Sunderland AFC","5250000"
"Tyler Blackett","Manchester United","Reading FC","1800000"
"Will Keane","Manchester United","Hull City","1200000"
"Sofiane Boufal","LOSC Lille","Southampton FC","18700000"
"Manolo Gabbiadini","SSC Napoli","Southampton FC","17000000"
"Nathan Redmond","Norwich City","Southampton FC","13500000"
"Alex McCarthy","Crystal Palace","Southampton FC","4700000"
"Sadio Mané","Southampton FC","Liverpool FC","41200000"
"Graziano Pellè","Southampton FC","Shandong Luneng Taishan","15250000"
"José Fonte","Southampton FC","West Ham United","9200000"
"Juanmi","Southampton FC","Real Sociedad","5000000"
"André Ayew","Swansea City","West Ham United","24100000"
"Robert Snodgrass","Hull City","West Ham United","12000000"
"Manuel Lanzini","Al-Jazira (Abu Dhabi)","West Ham United","12000000"
"Arthur Masuaku","Olympiacos Piraeus","West Ham United","7100000"
"Edimilson Fernandes","FC Sion","West Ham United","6400000"
"Dimitri Payet","West Ham United","Olympique Marseille","29300000"
"James Tomkins","West Ham United","Crystal Palace","11700000"
"Georginio Wijnaldum","Newcastle United","Liverpool FC","27500000"
"Christian Benteke","Liverpool FC","Crystal Palace","31200000"
"Jordon Ibe","Liverpool FC","AFC Bournemouth","18000000"
"Joe Allen","Liverpool FC","Stoke City","15500000"
"Martin Skrtel","Liverpool FC","Fenerbahce SK","6000000"
"Tiago Ilori","Liverpool FC","Reading FC","4300000"
"Luis Alberto","Liverpool FC","SS Lazio","4000000"
"Brad Smith","Liverpool FC","AFC Bournemouth","3600000"
"Saido Berahino","West Bromwich Albion","Stoke City","13900000"
"Ramadan Sobhi","El Ahly Cairo","Stoke City","5000000"
"Lee Grant","Derby County","Stoke City","1500000"
"Ryan Sweeney","AFC Wimbledon","Stoke City","295000"
"Marc Wilson","Stoke City","AFC Bournemouth","2300000"
"Michy Batshuayi","Olympique Marseille","Chelsea FC","39000000"
"David Luiz","Paris Saint-Germain","Chelsea FC","35000000"
"Marcos Alonso","ACF Fiorentina","Chelsea FC","23000000"
"Oscar","Chelsea FC","Shanghai SIPG","60000000"
"Mohamed Salah","Chelsea FC","AS Roma","15000000"
"Papy Djilobodji","Chelsea FC","Sunderland AFC","9500000"
"Patrick Bamford","Chelsea FC","Middlesbrough FC","6900000"
"Stipe Perica","Chelsea FC","Udinese Calcio","4500000"
"Marko Marin","Chelsea FC","Olympiacos Piraeus","3000000"
"Yannick Bolasie","Crystal Palace","Everton FC","28900000"
"Ashley Williams","Swansea City","Everton FC","14000000"
"Ademola Lookman","Charlton Athletic","Everton FC","8800000"
"Idrissa Gueye","Aston Villa","Everton FC","8500000"
"Dominic Calvert-Lewin","Sheffield United","Everton FC","1800000"
"Maarten Stekelenburg","Fulham FC","Everton FC","1000000"
"Darron Gibson","Everton FC","Sunderland AFC","2500000"
"Bryan Oviedo","Everton FC","Sunderland AFC","2000000"
"Borja Bastón","Atlético Madrid","Swansea City","18000000"
"Jordan Ayew","Aston Villa","Swansea City","5900000"
"Fernando Llorente","Sevilla FC","Swansea City","5900000"
"Alfie Mawson","Barnsley FC","Swansea City","5900000"
"Leroy Fer","Queens Park Rangers","Swansea City","5600000"
"Luciano Narsingh","PSV Eindhoven","Swansea City","4600000"
"Martin Olsson","Norwich City","Swansea City","4600000"
"Mike van der Hoorn","Ajax Amsterdam","Swansea City","2500000"
"Alberto Paloschi","Swansea City","Atalanta BC","6000000"
"Éder","Swansea City","LOSC Lille","4500000"
"Isaac Success","Granada CF","Watford FC","15000000"
"Roberto Pereyra","Juventus FC","Watford FC","13000000"
"Sven Kums","KAA Gent","Watford FC","9000000"
"Daryl Janmaat","Newcastle United","Watford FC","8900000"
"Christian Kabasele","KRC Genk","Watford FC","6950000"
"Stefano Okaka","RSC Anderlecht","Watford FC","6000000"
"Younès Kaboul","Sunderland AFC","Watford FC","4000000"
"Brice Dja Djédjé","Olympique Marseille","Watford FC","3600000"
"Mauro Zárate","ACF Fiorentina","Watford FC","2750000"
"Odion Ighalo","Watford FC","Changchun Yatai","23300000"
"Matej Vydra","Watford FC","Derby County","9400000"
"Miguel Layún","Watford FC","FC Porto","6000000"
"Adlène Guédioura","Watford FC","Middlesbrough FC","5200000"
"Ikechi Anya","Watford FC","Derby County","4700000"
"Allan Nyom","Watford FC","West Bromwich Albion","4700000"
"Almen Abdi","Watford FC","Sheffield Wednesday","3600000"
"José Manuel Jurado","Watford FC","RCD Espanyol Barcelona","1200000"
"Jake Livermore","Hull City","West Bromwich Albion","11500000"
"Matt Phillips","Queens Park Rangers","West Bromwich Albion","6500000"
"James Chester","West Bromwich Albion","Aston Villa","9300000"
"Rickie Lambert","West Bromwich Albion","Cardiff City","2000000"
"Cristian Gamboa","West Bromwich Albion","Celtic FC","1200000"
"Andros Townsend","Newcastle United","Crystal Palace","15600000"
"Luka Milivojevic","Olympiacos Piraeus","Crystal Palace","15100000"
"Patrick van Aanholt","Sunderland AFC","Crystal Palace","10500000"
"Jonathan Benteke","SV Zulte Waregem","Crystal Palace","100000"
"Dwight Gayle","Crystal Palace","Newcastle United","12000000"
"Mile Jedinak","Crystal Palace","Aston Villa","4600000"
"Lewis Cook","Leeds United","AFC Bournemouth","7000000"
"Lys Mousset","AC Le Havre","AFC Bournemouth","6500000"
"Aaron Ramsdale","Sheffield United","AFC Bournemouth","940000"
"Matt Ritchie","AFC Bournemouth","Newcastle United","12000000"
"Tommy Elphick","AFC Bournemouth","Aston Villa","3900000"
"Lee Tomlin","AFC Bournemouth","Bristol City","3500000"
"Glenn Murray","AFC Bournemouth","Brighton & Hove Albion","3500000"
"Tokelo Rantie","AFC Bournemouth","Genclerbirligi Ankara","1800000"
"Eunan O'Kane","AFC Bournemouth","Leeds United","500000"
"Shaun MacDonald","AFC Bournemouth","Wigan Athletic","290000"
"Didier Ndong","FC Lorient","Sunderland AFC","20000000"
"Mika","Boavista Porto FC","Sunderland AFC","1500000"
"Sebastián Coates","Sunderland AFC","Sporting CP","4720000"
"Emanuele Giaccherini","Sunderland AFC","SSC Napoli","1500000"
"Liam Bridcutt","Sunderland AFC","Leeds United","1150000"
"Santiago Vergini","Sunderland AFC","Club Atlético Boca Juniors","900000"
"Robbie Brady","Norwich City","Burnley FC","15100000"
"Jeff Hendrick","Derby County","Burnley FC","11800000"
"Steven Defour","RSC Anderlecht","Burnley FC","8600000"
"Ashley Westwood","Aston Villa","Burnley FC","5800000"
"Johann Berg Gudmundsson","Charlton Athletic","Burnley FC","3000000"
"Nick Pope","Charlton Athletic","Burnley FC","1300000"
"Lukas Jutkiewicz","Burnley FC","Birmingham City","1200000"
"Marten de Roon","Atalanta BC","Middlesbrough FC","10500000"
"Adama Traoré","Aston Villa","Middlesbrough FC","8250000"
"Rudy Gestede","Aston Villa","Middlesbrough FC","7100000"
"Viktor Fischer","Ajax Amsterdam","Middlesbrough FC","5000000"
"Antonio Barragán","Valencia CF","Middlesbrough FC","2700000"
"Fábio","Cardiff City","Middlesbrough FC","2300000"
"Adam Reach","Middlesbrough FC","Sheffield Wednesday","5900000"
"Albert Adomah","Middlesbrough FC","Aston Villa","3500000"
"David Nugent","Middlesbrough FC","Derby County","2900000"
"Emilio Nsue","Middlesbrough FC","Birmingham City","1200000"
"Kamil Grosicki","Stade Rennais FC","Hull City","9000000"
"Markus Henriksen","AZ Alkmaar","Hull City","5300000"
"David Marshall","Cardiff City","Hull City","4100000"
"Evandro","FC Porto","Hull City","2500000"
"Mohamed Diamé","Hull City","Newcastle United","5400000"
"André Gomes","Valencia CF","FC Barcelona","37000000"
"Paco Alcácer","Valencia CF","FC Barcelona","30000000"
"Samuel Umtiti","Olympique Lyon","FC Barcelona","25000000"
"Lucas Digne","Paris Saint-Germain","FC Barcelona","16500000"
"Jasper Cillessen","Ajax Amsterdam","FC Barcelona","13000000"
"Denis Suárez","Villarreal CF","FC Barcelona","3250000"
"Adriano","FC Barcelona","Besiktas JK","2300000"
"Álvaro Morata","Juventus FC","Real Madrid","30000000"
"Jesé","Real Madrid","Paris Saint-Germain","25000000"
"Denis Cheryshev","Real Madrid","Villarreal CF","7000000"
"Álvaro Medrán","Real Madrid","Valencia CF","1500000"
"Kévin Gameiro","Sevilla FC","Atlético Madrid","30000000"
"Nico Gaitán","SL Benfica","Atlético Madrid","25000000"
"Sime Vrsaljko","US Sassuolo","Atlético Madrid","16000000"
"Diogo Jota","FC Paços de Ferreira","Atlético Madrid","7200000"
"Axel Werner","Atlético de Rafaela","Atlético Madrid","800000"
"Miranda","Atlético Madrid","Inter Milan","9000000"
"Leo Baptistão","Atlético Madrid","RCD Espanyol Barcelona","7000000"
"Roberto Soriano","UC Sampdoria","Villarreal CF","13750000"
"Nicola Sansone","US Sassuolo","Villarreal CF","13000000"
"Alfred N'Diaye","Real Betis Balompié","Villarreal CF","8000000"
"Cristian Espinoza","Club Atlético Huracán","Villarreal CF","7200000"
"Álvaro González","RCD Espanyol Barcelona","Villarreal CF","4000000"
"Alexandre Pato","Sport Club Corinthians Paulista","Villarreal CF","3000000"
"Alexandre Pato","Villarreal CF","Tianjin Quanjian","18000000"
"Samu García","Villarreal CF","Rubin Kazan","5000000"
"Tomás Pina","Villarreal CF","Club Brugge KV","3000000"
"Antonio Sanabria","AS Roma","Real Betis Balompié","7500000"
"Felipe Gutiérrez","FC Twente Enschede","Real Betis Balompié","3500000"
"Aïssa Mandi","Stade Reims","Real Betis Balompié","2800000"
"Jonas Martin","HSC Montpellier","Real Betis Balompié","2600000"
"Riza Durmisi","Bröndby IF","Real Betis Balompié","2000000"
"Darko Brasanac","FK Partizan Belgrade","Real Betis Balompié","1500000"
"Alin Tosca","Steaua Bukarest","Real Betis Balompié","1000000"
"Joaquín Correa","UC Sampdoria","Sevilla FC","18200000"
"Franco Vázquez","US Palermo","Sevilla FC","16800000"
"Ganso","São Paulo Futebol Clube","Sevilla FC","9500000"
"Wissam Ben Yedder","FC Toulouse","Sevilla FC","9500000"
"Hiroshi Kiyotake","Hannover 96","Sevilla FC","6500000"
"Walter Montoya","Club Atlético Rosario Central","Sevilla FC","5500000"
"Clément Lenglet","AS Nancy-Lorraine","Sevilla FC","5400000"
"Gabriel Mercado","Club Atlético River Plate","Sevilla FC","2500000"
"Pablo Sarabia","Getafe CF","Sevilla FC","1000000"
"Grzegorz Krychowiak","Sevilla FC","Paris Saint-Germain","27500000"
"Ciro Immobile","Sevilla FC","SS Lazio","9450000"
"Hiroshi Kiyotake","Sevilla FC","Cerezo Osaka","5100000"
"Diogo Figueiras","Sevilla FC","Olympiacos Piraeus","1500000"
"Daniel Torres","Independiente Medellín","Deportivo Alavés","3180000"
"Aleksandar Katai","Red Star Belgrade","Deportivo Alavés","2000000"
"Alexis","Besiktas JK","Deportivo Alavés","400000"
"Mamadou Koné","Racing Santander","CD Leganés","1200000"
"Gabriel","Juventus FC","CD Leganés","1000000"
"Diego Rico","Real Zaragoza","CD Leganés","1000000"
"Erik Morán","Real Zaragoza","CD Leganés","200000"
"David López","SSC Napoli","RCD Espanyol Barcelona","4000000"
"Roberto","Olympiacos Piraeus","RCD Espanyol Barcelona","3000000"
"Álvaro Vázquez","Getafe CF","RCD Espanyol Barcelona","2000000"
"Javi Fuego","Valencia CF","RCD Espanyol Barcelona","1000000"
"Anaitz Arbilla","RCD Espanyol Barcelona","SD Eibar","700000"
"José Angulo","Independiente del Valle","Granada CF","4030000"
"Mehdi Carcela-González","SL Benfica","Granada CF","4000000"
"Sverrir Ingi Ingason","KSC Lokeren","Granada CF","1800000"
"Rui Silva","CD Nacional","Granada CF","1000000"
"Omer Atzili","Beitar Jerusalem","Granada CF","750000"
"Rubén Rochina","Granada CF","Rubin Kazan","10000000"
"Nano","CD Tenerife","SD Eibar","3200000"
"Bebé","SL Benfica","SD Eibar","1500000"
"Keko","SD Eibar","Málaga CF","5000000"
"Pione Sisto","FC Midtjylland","Celta de Vigo","6000000"
"Andrew Hjulsager","Bröndby IF","Celta de Vigo","1200000"
"José Naranjo","Gimnàstic de Tarragona","Celta de Vigo","1000000"
"Álvaro Lemos","CD Lugo","Celta de Vigo","200000"
"José Naranjo","Celta de Vigo","KRC Genk","1800000"
"Fernando Amorebieta","Fulham FC","Sporting Gijón","300000"
"Diego Mariño","Levante UD","Sporting Gijón","200000"
"Florin Andone","Córdoba CF","Deportivo de La Coruña","5000000"
"Raúl Albentosa","Derby County","Deportivo de La Coruña","800000"
"Przemyslaw Tyton","VfB Stuttgart","Deportivo de La Coruña","500000"
"Willian José","Club Deportivo Maldonado","Real Sociedad","6000000"
"Jonathas","Real Sociedad","Rubin Kazan","7000000"
"Michael Santos","Atletico River Plate Montevideo","Málaga CF","4000000"
"Bakary Koné","Olympique Lyon","Málaga CF","800000"
"Mikel Villanueva","Deportivo Lara","Málaga CF","300000"
"Ezequiel Garay","Zenit St. Petersburg","Valencia CF","24000000"
"Nani","Fenerbahce SK","Valencia CF","8500000"
"Rodrigo de Paul","Valencia CF","Udinese Calcio","3000000"
"Mauricio Lemos","Rubin Kazan","UD Las Palmas","2000000"
"Mateo García","Instituto AC Córdoba","UD Las Palmas","400000"
"Sergio León","Elche CF","CA Osasuna","1700000"
"Fran Mérida","SD Huesca","CA Osasuna","500000"
"Gonçalo Guedes","SL Benfica","Paris Saint-Germain","30000000"
"Giovani Lo Celso","Club Atlético Rosario Central","Paris Saint-Germain","10000000"
"Thomas Meunier","Club Brugge KV","Paris Saint-Germain","6000000"
"Hervin Ongenda","Paris Saint-Germain","PEC Zwolle","300000"
"Emanuel Mammana","Club Atlético River Plate","Olympique Lyon","8500000"
"Jean-Philippe Mateta","LB Châteauroux","Olympique Lyon","4100000"
"Lindsay Rose","Olympique Lyon","FC Lorient","1500000"
"Djibril Sidibé","LOSC Lille","AS Monaco","15000000"
"Benjamin Mendy","Olympique Marseille","AS Monaco","13000000"
"Kamil Glik","Torino FC","AS Monaco","11000000"
"Jorge","Clube de Regatas do Flamengo","AS Monaco","8500000"
"Youssef Aït Bennasser","AS Nancy-Lorraine","AS Monaco","3000000"
"Ivan Cavaleiro","AS Monaco","Wolverhampton Wanderers","8000000"
"Farès Bahlouli","AS Monaco","LOSC Lille","3500000"
"Delvin N'Dinga","AS Monaco","Lokomotiv Moscow","2500000"
"Jessy Pi","AS Monaco","FC Toulouse","700000"
"Wylan Cyprien","RC Lens","OGC Nice","5000000"
"Arnaud Lusamba","AS Nancy-Lorraine","OGC Nice","2500000"
"Dalbert","Vitória Guimarães SC","OGC Nice","2000000"
"Bassem Srarfi","Club Africain Tunis","OGC Nice","1500000"
"Arnaud Souquet","FCO Dijon","OGC Nice","1250000"
"Paul Baysse","AS Saint-Étienne","OGC Nice","500000"
"Niklas Hult","OGC Nice","Panathinaikos Athens","300000"
"Anwar El Ghazi","Ajax Amsterdam","LOSC Lille","7000000"
"Gabriel Magalhães","Avaí Futebol Clube (SC)","LOSC Lille","3000000"
"Júnior Alonso","Club Cerro Porteño","LOSC Lille","2500000"
"Benjamin Pavard","LOSC Lille","VfB Stuttgart","5000000"
"Younousse Sankharé","LOSC Lille","FC Girondins Bordeaux","3000000"
"Ronny Rodelin","LOSC Lille","SM Caen","1000000"
"Michael Frey","LOSC Lille","BSC Young Boys","500000"
"Bryan Dabo","HSC Montpellier","AS Saint-Étienne","4000000"
"Léo Lacroix","FC Sion","AS Saint-Étienne","3000000"
"Moustapha Sall","AS Saint-Étienne","Al Arabi Sports Club","1000000"
"Ismaël Diomandé","AS Saint-Étienne","SM Caen","750000"
"Ivan Santini","Standard Liège","SM Caen","2500000"
"Andy Delort","SM Caen","Tigres UANL","8000000"
"Dennis Appiah","SM Caen","RSC Anderlecht","3000000"
"Ramy Bensebaini","Paradou AC","Stade Rennais FC","2000000"
"Afonso Figueiredo","Boavista Porto FC","Stade Rennais FC","270000"
"Pedro Henrique","Stade Rennais FC","PAOK Thessaloniki","1600000"
"Ola Toivonen","Stade Rennais FC","FC Toulouse","1500000"
"Steven Moreira","Stade Rennais FC","FC Lorient","1200000"
"Philipp Hosiner","Stade Rennais FC","1.FC Union Berlin","500000"
"Famara Diédhiou","Clermont Foot Auvergne 63","SCO Angers","1600000"
"Mathieu Michel","Nîmes Olympique","SCO Angers","1000000"
"Karl Toko Ekambi","FC Sochaux-Montbéliard","SCO Angers","1000000"
"Jamel Saihi","HSC Montpellier","SCO Angers","800000"
"Baptiste Santamaría","Tours FC","SCO Angers","500000"
"Flavien Tait","LB Châteauroux","SCO Angers","300000"
"Romain Saïss","SCO Angers","Wolverhampton Wanderers","4000000"
"Arnold Bouka Moutou","SCO Angers","FCO Dijon","400000"
"Farid Boulaya","Clermont Foot Auvergne 63","SC Bastia","250000"
"François Kamano","SC Bastia","FC Girondins Bordeaux","2500000"
"Floyd Ayité","SC Bastia","Fulham FC","2000000"
"Mathieu Peybernes","SC Bastia","FC Lorient","2000000"
"Thievy Bifouma","SC Bastia","Osmanlispor FK","500000"
"Paul Bernardoni","ES Troyes AC","FC Girondins Bordeaux","2500000"
"Igor Lewczuk","Legia Warszawa","FC Girondins Bordeaux","1000000"
"Grégory Sertic","FC Girondins Bordeaux","Olympique Marseille","1500000"
"André Poko","FC Girondins Bordeaux","Kardemir Karabükspor","400000"
"Isaac Mbenza","Standard Liège","HSC Montpellier","1700000"
"Keagan Dolly","Mamelodi Sundowns FC","HSC Montpellier","1700000"
"Nordi Mukiele","Stade Laval","HSC Montpellier","1500000"
"Lukáš Pokorný","FC Slovan Liberec","HSC Montpellier","1500000"
"Morgan Sanson","HSC Montpellier","Olympique Marseille","9000000"
"Rémy Cabella","Newcastle United","Olympique Marseille","8000000"
"Tomas Hubocan","Dinamo Moscow","Olympique Marseille","1200000"
"Saîf-Eddine Khaoui","Tours FC","Olympique Marseille","1000000"
"Mario Lemina","Olympique Marseille","Juventus FC","9800000"
"Romain Alessandrini","Olympique Marseille","Los Angeles Galaxy","3000000"
"Abdelaziz Barrada","Olympique Marseille","Al-Nasr (Dubai)","2000000"
"Saber Khalifa","Olympique Marseille","Club Africain Tunis","1000000"
"Mariusz Stepinski","Ruch Chorzow","FC Nantes","2000000"
"Diego Carlos","GD Estoril Praia","FC Nantes","1300000"
"Lucas Lima","FC Arouca","FC Nantes","1100000"
"Nicolaj Thomsen","Aalborg BK","FC Nantes","600000"
"Alejandro Bedoya","FC Nantes","Philadelphia Union","895000"
"Birama Touré","FC Nantes","Standard Liège","550000"
"Nicolaj Thomsen","FC Nantes","FC Copenhagen","500000"
"Cafú","Vitória Guimarães SC","FC Lorient","2000000"
"Alhassan Wakaso","Rio Ave FC","FC Lorient","1000000"
"Faïz Selemani","FC Chamois Niort","FC Lorient","900000"
"Moryké Fofana","FC Lorient","Konyaspor","150000"
"Andy Delort","Tigres UANL","FC Toulouse","6000000"
"Jimmy Durmaz","Olympiacos Piraeus","FC Toulouse","2000000"
"Jean-Armel Kana-Biyik","FC Toulouse","Kayserispor","500000"
"Vincent Marchetti","AC Ajaccio","AS Nancy-Lorraine","1500000"
"Sergey Chernik","BATE Borisov","AS Nancy-Lorraine","500000"
"Ádám Lang","Videoton FC","FCO Dijon","1000000"
"Mehdi Abeid","Panathinaikos Athens","FCO Dijon","250000"
"Ferjani Sassi","FC Metz","Esperance Tunis","775000"
"Theo Hernández","Atlético Madrid","Real Madrid","24000000"
"Dani Ceballos","Real Betis Balompié","Real Madrid","16500000"
"Álvaro Morata","Real Madrid","Chelsea FC","66000000"
"Danilo","Real Madrid","Manchester City","30000000"
"Mariano Díaz","Real Madrid","Olympique Lyon","8000000"
"Diego Llorente","Real Madrid","Real Sociedad","7000000"
"Burgui","Real Madrid","Deportivo Alavés","3000000"
"Philippe Coutinho","Liverpool FC","FC Barcelona","130000000"
"Paulinho","Guangzhou Evergrande Taobao","FC Barcelona","40000000"
"Nélson Semedo","SL Benfica","FC Barcelona","30570000"
"Gerard Deulofeu","Everton FC","FC Barcelona","12000000"
"Yerry Mina","Sociedade Esportiva Palmeiras","FC Barcelona","11800000"
"Marlon","Fluminense Football Club","FC Barcelona","5000000"
"Neymar","FC Barcelona","Paris Saint-Germain","222000000"
"Javier Mascherano","FC Barcelona","Hebei China Fortune","5500000"
"Cristian Tello","FC Barcelona","Real Betis Balompié","4000000"
"Diego Costa","Chelsea FC","Atlético Madrid","66000000"
"Vitolo","Sevilla FC","Atlético Madrid","36000000"
"Yannick Carrasco","Atlético Madrid","Dalian Yifang","30000000"
"Óliver Torres","Atlético Madrid","FC Porto","20000000"
"Matías Kranevitter","Atlético Madrid","Zenit St. Petersburg","8000000"
"Nico Gaitán","Atlético Madrid","Dalian Yifang","5750000"
"Javier Manquillo","Atlético Madrid","Newcastle United","5000000"
"Augusto Fernández","Atlético Madrid","Beijing Renhe","4500000"
"Amath Ndiaye","Atlético Madrid","Getafe CF","3000000"
"Rafael Borré","Atlético Madrid","Club Atlético River Plate","3000000"
"Luis Muriel","UC Sampdoria","Sevilla FC","21500000"
"Simon Kjær","Fenerbahce SK","Sevilla FC","12500000"
"Guilherme Arana","Sport Club Corinthians Paulista","Sevilla FC","11000000"
"Guido Pizarro","Tigres UANL","Sevilla FC","8700000"
"Nolito","Manchester City","Sevilla FC","7000000"
"Éver Banega","Inter Milan","Sevilla FC","7000000"
"Sébastien Corchia","LOSC Lille","Sevilla FC","5000000"
"Vicente Iborra","Sevilla FC","Leicester City","15000000"
"Adil Rami","Sevilla FC","Olympique Marseille","6000000"
"Walter Montoya","Sevilla FC","CD Cruz Azul","5500000"
"Mariano","Sevilla FC","Galatasaray SK","4250000"
"Sebastián Cristóforo","Sevilla FC","ACF Fiorentina","2500000"
"Enes Ünal","Manchester City","Villarreal CF","14000000"
"Rúben Semedo","Sporting CP","Villarreal CF","14000000"
"Pablo Fornals","Málaga CF","Villarreal CF","12000000"
"Andrés Fernández","FC Porto","Villarreal CF","2000000"
"Javi Fuego","RCD Espanyol Barcelona","Villarreal CF","1500000"
"Cédric Bakambu","Villarreal CF","Beijing Sinobo Guoan","40000000"
"Mateo Musacchio","Villarreal CF","AC Milan","18000000"
"Roberto Soldado","Villarreal CF","Fenerbahce SK","5000000"
"Jonathan dos Santos","Villarreal CF","Los Angeles Galaxy","4300000"
"Adnan Januzaj","Manchester United","Real Sociedad","8500000"
"Héctor Moreno","AS Roma","Real Sociedad","6000000"
"Iñigo Martínez","Real Sociedad","Athletic Bilbao","32000000"
"Yuri Berchiche","Real Sociedad","Paris Saint-Germain","16000000"
"Carlos Vela","Real Sociedad","Los Angeles FC","5000000"
"Aymeric Laporte","Athletic Bilbao","Manchester City","65000000"
"Naldo","FK Krasnodar","RCD Espanyol Barcelona","2500000"
"Pablo Piatti","Valencia CF","RCD Espanyol Barcelona","1300000"
"Mario Hermoso","Real Madrid Castilla","RCD Espanyol Barcelona","400000"
"Dídac Vilà","AEK Athens","RCD Espanyol Barcelona","250000"
"Felipe Caicedo","RCD Espanyol Barcelona","SS Lazio","2500000"
"Mamadou Sylla","RCD Espanyol Barcelona","KAS Eupen","2300000"
"Joan Jordán","RCD Espanyol Barcelona","SD Eibar","1000000"
"Rubén Duarte","RCD Espanyol Barcelona","Deportivo Alavés","400000"
"Rodrigo Ely","AC Milan","Deportivo Alavés","3000000"
"Rubén Sobrino","Manchester City","Deportivo Alavés","2000000"
"Antonio Sivera","Valencia Mestalla","Deportivo Alavés","2000000"
"Guillermo Maripán","CD Universidad Católica","Deportivo Alavés","1070000"
"Edgar Méndez","Deportivo Alavés","CD Cruz Azul","5000000"
"Zouhair Feddal","Deportivo Alavés","Real Betis Balompié","2500000"
"Paulo Oliveira","Sporting CP","SD Eibar","3500000"
"Marko Dmitrovic","AD Alcorcón","SD Eibar","1000000"
"Yoel Rodríguez","Valencia CF","SD Eibar","750000"
"Iván Alejo","AD Alcorcón","SD Eibar","300000"
"Florian Lejeune","SD Eibar","Newcastle United","10000000"
"Emanuel Cecchini","Club Atlético Banfield","Málaga CF","4600000"
"Esteban Rolón","Asociación Atlética Argentinos Juniors","Málaga CF","3200000"
"Diego González","Sevilla Atlético","Málaga CF","2000000"
"Ignasi Miquel","CD Lugo","Málaga CF","500000"
"Cenk Gönen","Galatasaray SK","Málaga CF","200000"
"Sandro Ramírez","Málaga CF","Everton FC","6000000"
"Paul Baysse","Málaga CF","FC Girondins Bordeaux","1000000"
"Simone Zaza","Juventus FC","Valencia CF","16000000"
"Francis Coquelin","Arsenal FC","Valencia CF","14000000"
"Gabriel Paulista","Arsenal FC","Valencia CF","11000000"
"Neto","Juventus FC","Valencia CF","6000000"
"Fabián Orellana","Celta de Vigo","Valencia CF","3000000"
"Mathew Ryan","Valencia CF","Brighton & Hove Albion","6000000"
"Enzo Pérez","Valencia CF","Club Atlético River Plate","2500000"
"Álvaro Negredo","Valencia CF","Besiktas JK","2500000"
"Diego Alves","Valencia CF","Clube de Regatas do Flamengo","300000"
"Stanislav Lobotka","FC Nordsjaelland","Celta de Vigo","5000000"
"Maximiliano Gómez","Defensor Sporting Club","Celta de Vigo","4000000"
"Jozabed Sánchez","Fulham FC","Celta de Vigo","3500000"
"Robert Mazan","MSK Zilina","Celta de Vigo","300000"
"Pape Cheikh","Celta de Vigo","Olympique Lyon","10000000"
"Roque Mesa","UD Las Palmas","Swansea City","12500000"
"Jonathan Viera","UD Las Palmas","Beijing Sinobo Guoan","11000000"
"Ryad Boudebouz","HSC Montpellier","Real Betis Balompié","7000000"
"Víctor Camarasa","Levante UD","Real Betis Balompié","7000000"
"Sergio León","CA Osasuna","Real Betis Balompié","3500000"
"Andrés Guardado","PSV Eindhoven","Real Betis Balompié","2500000"
"Javi García","Zenit St. Petersburg","Real Betis Balompié","1500000"
"Cristiano Piccini","Real Betis Balompié","Sporting CP","2870000"
"Petros","Real Betis Balompié","São Paulo Futebol Clube","2500000"
"Francisco Portillo","Real Betis Balompié","Getafe CF","1500000"
"Jonas Martin","Real Betis Balompié","RC Strasbourg Alsace","1500000"
"Dani Pacheco","Real Betis Balompié","Getafe CF","1000000"
"Bruno González","Real Betis Balompié","Getafe CF","600000"
"Guilherme","Udinese Calcio","Deportivo de La Coruña","4500000"
"Juanfran","Watford FC","Deportivo de La Coruña","1000000"
"Gerard Valentín","Gimnàstic de Tarragona","Deportivo de La Coruña","1000000"
"Alejandro Arribas","Deportivo de La Coruña","UNAM Pumas","2000000"
"Dimitrios Siovas","Olympiacos Piraeus","CD Leganés","3000000"
"Ezequiel Muñoz","Genoa CFC","CD Leganés","2500000"
"Tito","Granada CF","CD Leganés","600000"
"Erik Morán","CD Leganés","AEK Athens","130000"
"Emmanuel Boateng","Moreirense FC","Levante UD","2000000"
"Cheick Doukouré","FC Metz","Levante UD","1600000"
"Enis Bardhi","Újpest FC","Levante UD","1500000"
"Ivi","Sevilla Atlético","Levante UD","1200000"
"Armando Sadiku","Legia Warszawa","Levante UD","1000000"
"Oier Olazábal","Granada CF","Levante UD","200000"
"Deyverson","Levante UD","Sociedade Esportiva Palmeiras","5200000"
"Mitchell Langerak","Levante UD","Nagoya Grampus","1450000"
"Natxo Insa","Levante UD","Johor Darul Ta'zim FC","400000"
"Bernardo Espinosa","Middlesbrough FC","Girona FC","4500000"
"Cristhian Stuani","Middlesbrough FC","Girona FC","2500000"
"Djené","Sint-Truidense VV","Getafe CF","2500000"
"Filip Manojlovic","Red Star Belgrade","Getafe CF","1250000"
"Álvaro Jiménez","Real Madrid Castilla","Getafe CF","1000000"
"Mathí­as Olivera","Club Nacional","Getafe CF","850000"
"Chuli","UD Almería","Getafe CF","700000"
"Juan Cala","Getafe CF","Henan Jianye","1600000"
"Moussa Konaté","FC Sion","SC Amiens","3500000"
"Bongani Zungu","Vitória Guimarães SC","SC Amiens","2000000"
"Stiven Mendoza","Sport Club Corinthians Paulista","SC Amiens","1000000"
"Aboubakar Kamara","SC Amiens","Fulham FC","6000000"
"Enzo Crivelli","FC Girondins Bordeaux","SCO Angers","4000000"
"Thomas Touré","FC Girondins Bordeaux","SCO Angers","3000000"
"Lassana Coulibaly","SC Bastia","SCO Angers","2000000"
"Baptiste Guillaume","LOSC Lille","SCO Angers","2000000"
"Angelo Fulgini","Valenciennes FC ","SCO Angers","1400000"
"Nicolas Pépé","SCO Angers","LOSC Lille","10000000"
"Famara Diédhiou","SCO Angers","Bristol City","6000000"
"Yoane Wissa","SCO Angers","FC Lorient","2000000"
"Nicolas de Préville","LOSC Lille","FC Girondins Bordeaux","8000000"
"Jonathan Cafú","PFK Ludogorets Razgrad","FC Girondins Bordeaux","7500000"
"Otávio","Atlético Paranaense","FC Girondins Bordeaux","5000000"
"Youssouf Sabaly","Paris Saint-Germain","FC Girondins Bordeaux","4000000"
"Lukas Lerager","SV Zulte Waregem","FC Girondins Bordeaux","3500000"
"Vukasin Jovanovic","Zenit St. Petersburg","FC Girondins Bordeaux","3000000"
"Alexandre Mendy","EA Guingamp","FC Girondins Bordeaux","600000"
"Adam Ounas","FC Girondins Bordeaux","SSC Napoli","10000000"
"Isaac Kiese Thelin","FC Girondins Bordeaux","RSC Anderlecht","2750000"
"Nicolas Pallois","FC Girondins Bordeaux","FC Nantes","2000000"
"Frédéric Guilbert","FC Girondins Bordeaux","SM Caen","1500000"
"Jérémy Ménez","FC Girondins Bordeaux","Antalyaspor","1500000"
"Mauro Arambarri","FC Girondins Bordeaux","Club Atlético Boston River","1000000"
"Cédric Yambéré","FC Girondins Bordeaux","FCO Dijon","500000"
"Alexander Djiku","SC Bastia","SM Caen","2000000"
"Stef Peeters","Sint-Truidense VV","SM Caen","1350000"
"Jan Repas","NK Domzale","SM Caen","1000000"
"Timo Stavitski","Rovaniemen Palloseura","SM Caen","600000"
"Baissama Sankoh","EA Guingamp","SM Caen","500000"
"Jean-Victor Makengo","SM Caen","OGC Nice","6000000"
"Wesley Lautoa","FC Lorient","FCO Dijon","1500000"
"Wesley Saïd","Stade Rennais FC","FCO Dijon","1500000"
"Loïs Diony","FCO Dijon","AS Saint-Étienne","10000000"
"Pierre Lees Melou","FCO Dijon","OGC Nice","4000000"
"Mamadou Thiam","FCO Dijon","Barnsley FC","1000000"
"Marcus Thuram","FC Sochaux-Montbéliard","EA Guingamp","600000"
"Pedro Rebocho","SL Benfica","EA Guingamp","550000"
"Lebogang Phiri","Bröndby IF","EA Guingamp","225000"
"Nill De Pauw","EA Guingamp","SV Zulte Waregem","350000"
"Thiago Maia","Santos FC","LOSC Lille","14000000"
"Luiz Araújo","São Paulo Futebol Clube","LOSC Lille","10500000"
"Kévin Malcuit","AS Saint-Étienne","LOSC Lille","9000000"
"Thiago Mendes","São Paulo Futebol Clube","LOSC Lille","9000000"
"Xeka","SC Braga","LOSC Lille","5000000"
"Edgar Ié","Os Belenenses SAD","LOSC Lille","3500000"
"Naïm Sliti","Red Star FC","LOSC Lille","2000000"
"Adam Jakubech","Spartak Trnava","LOSC Lille","1000000"
"Martin Terrier","LOSC Lille","Olympique Lyon","11000000"
"Soualiho Meïté","LOSC Lille","SV Zulte Waregem","5100000"
"Bertrand Traoré","Chelsea FC","Olympique Lyon","10000000"
"Marcelo","Besiktas JK","Olympique Lyon","7000000"
"Ferland Mendy","AC Le Havre","Olympique Lyon","5000000"
"Marçal","SL Benfica","Olympique Lyon","4500000"
"Kenny Tete","Ajax Amsterdam","Olympique Lyon","4000000"
"Alexandre Lacazette","Olympique Lyon","Arsenal FC","53000000"
"Emanuel Mammana","Olympique Lyon","Zenit St. Petersburg","16000000"
"Maxime Gonalons","Olympique Lyon","AS Roma","5000000"
"Maciej Rybus","Olympique Lyon","Lokomotiv Moscow","1750000"
"Mathieu Valbuena","Olympique Lyon","Fenerbahce SK","1500000"
"Konstantinos Mitroglou","SL Benfica","Olympique Marseille","15000000"
"Florian Thauvin","Newcastle United","Olympique Marseille","11000000"
"Valère Germain","AS Monaco","Olympique Marseille","8000000"
"Clinton N'Jie","Tottenham Hotspur","Olympique Marseille","7000000"
"Steve Mandanda","Crystal Palace","Olympique Marseille","3000000"
"Philipp Wollscheid","Stoke City","FC Metz","2500000"
"Ismaïla Sarr","FC Metz","Stade Rennais FC","17000000"
"Georges Mandjeck","FC Metz","AC Sparta Praha","1300000"
"Keita Baldé","SS Lazio","AS Monaco","30000000"
"Youri Tielemans","RSC Anderlecht","AS Monaco","25000000"
"Pietro Pellegri","Genoa CFC","AS Monaco","21000000"
"Terence Kongolo","Feyenoord Rotterdam","AS Monaco","15000000"
"Stevan Jovetic","Inter Milan","AS Monaco","11000000"
"Adama Diakhaby","Stade Rennais FC","AS Monaco","10000000"
"Soualiho Meïté","SV Zulte Waregem","AS Monaco","8000000"
"Benjamin Mendy","AS Monaco","Manchester City","57500000"
"Bernardo Silva","AS Monaco","Manchester City","50000000"
"Tiemoué Bakayoko","AS Monaco","Chelsea FC","40000000"
"Guido Carrillo","AS Monaco","Southampton FC","22000000"
"Allan Saint-Maximin","AS Monaco","OGC Nice","10000000"
"Corentin Jean","AS Monaco","FC Toulouse","3500000"
"Nabil Dirar","AS Monaco","Fenerbahce SK","3500000"
"Benjamin Lecomte","FC Lorient","HSC Montpellier","2500000"
"Giovanni Sio","Stade Rennais FC","HSC Montpellier","2200000"
"Pedro Mendes","Stade Rennais FC","HSC Montpellier","1000000"
"Steve Mounié","HSC Montpellier","Huddersfield Town","13000000"
"Lukáš Pokorný","HSC Montpellier","SK Slavia Prag","800000"
"Kalifa Coulibaly","KAA Gent","FC Nantes","4500000"
"Ciprian Tatarusanu","ACF Fiorentina","FC Nantes","2500000"
"Andrei Girotto","Tombense Futebol Clube (MG)","FC Nantes","2300000"
"Guillaume Gillet","FC Nantes","Olympiacos Piraeus","1000000"
"Rémy Riou","FC Nantes","Alanyaspor","1000000"
"Racine Coly","Brescia Calcio","OGC Nice","3500000"
"Ihsan Sacko","RC Strasbourg Alsace","OGC Nice","2000000"
"Adrien Tamèze","Valenciennes FC ","OGC Nice","800000"
"Dalbert","OGC Nice","Inter Milan","20000000"
"Valentin Eysseric","OGC Nice","ACF Fiorentina","3500000"
"Lucas Moura","Paris Saint-Germain","Tottenham Hotspur","28400000"
"Serge Aurier","Paris Saint-Germain","Tottenham Hotspur","25000000"
"Blaise Matuidi","Paris Saint-Germain","Juventus FC","20000000"
"Diafra Sakho","West Ham United","Stade Rennais FC","10000000"
"Rafik Guitane","AC Le Havre","Stade Rennais FC","8000000"
"Faitout Maouassa","AS Nancy-Lorraine","Stade Rennais FC","7000000"
"Benjamin Bourigeaud","RC Lens","Stade Rennais FC","3500000"
"Tomas Koubek","AC Sparta Praha","Stade Rennais FC","3000000"
"Brandon","RCD Mallorca","Stade Rennais FC","3000000"
"Hamari Traoré","Stade Reims","Stade Rennais FC","2400000"
"Yacouba Sylla","Stade Rennais FC","KV Mechelen","750000"
"Assane Dioussé","FC Empoli","AS Saint-Étienne","5000000"
"Gabriel Silva","Udinese Calcio","AS Saint-Étienne","2500000"
"Jorginho","FC Arouca","AS Saint-Étienne","1000000"
"Alexandros Katranis","Atromitos Athen","AS Saint-Étienne","800000"
"Bryan Dabo","AS Saint-Étienne","ACF Fiorentina","4000000"
"Neal Maupay","AS Saint-Étienne","Brentford FC","2000000"
"Fabien Lemoine","AS Saint-Étienne","FC Lorient","1000000"
"Alexander Söderlund","AS Saint-Étienne","Rosenborg BK","500000"
"Idriss Saadi","Cardiff City","RC Strasbourg Alsace","1500000"
"Bingourou Kamara","Tours FC","RC Strasbourg Alsace","700000"
"Moataz Zemzemi","Club Africain Tunis","RC Strasbourg Alsace","200000"
"Martin Braithwaite","FC Toulouse","Middlesbrough FC","11300000"
"Tongo Doumbia","FC Toulouse","GNK Dinamo Zagreb","800000"
"Aleksandar Pesic","FC Toulouse","Red Star Belgrade","750000"
"Dominik Furman","FC Toulouse","Wisla Plock","150000"
"Danny Drinkwater","Leicester City","Chelsea FC","37900000"
"Antonio Rüdiger","AS Roma","Chelsea FC","35000000"
"Davide Zappacosta","Torino FC","Chelsea FC","25000000"
"Emerson","AS Roma","Chelsea FC","20000000"
"Olivier Giroud","Arsenal FC","Chelsea FC","17000000"
"Ross Barkley","Everton FC","Chelsea FC","16900000"
"Nemanja Matic","Chelsea FC","Manchester United","44700000"
"Nathan Aké","Chelsea FC","AFC Bournemouth","22800000"
"Juan Cuadrado","Chelsea FC","Juventus FC","20000000"
"Asmir Begovic","Chelsea FC","AFC Bournemouth","11500000"
"Christian Atsu","Chelsea FC","Newcastle United","7500000"
"Nathaniel Chalobah","Chelsea FC","Watford FC","6300000"
"Davinson Sánchez","Ajax Amsterdam","Tottenham Hotspur","40000000"
"Fernando Llorente","Swansea City","Tottenham Hotspur","15100000"
"Juan Foyth","Club Estudiantes de La Plata","Tottenham Hotspur","13000000"
"Kyle Walker","Tottenham Hotspur","Manchester City","52700000"
"Kevin Wimmer","Tottenham Hotspur","Stoke City","19400000"
"Federico Fazio","Tottenham Hotspur","AS Roma","3200000"
"Ederson","SL Benfica","Manchester City","40000000"
"Douglas Luiz","Club de Regatas Vasco da Gama","Manchester City","12000000"
"Jack Harrison","New York City FC","Manchester City","4000000"
"Olarenwaju Kayode","Austria Vienna","Manchester City","3800000"
"Luka Ilic","Red Star Belgrade","Manchester City","2500000"
"Kelechi Iheanacho","Manchester City","Leicester City","27700000"
"Wilfried Bony","Manchester City","Swansea City","13000000"
"Aaron Mooy","Manchester City","Huddersfield Town","9100000"
"Fernando","Manchester City","Galatasaray SK","6000000"
"Olivier Ntcham","Manchester City","Celtic FC","5000000"
"Aleksandar Kolarov","Manchester City","AS Roma","5000000"
"Samir Nasri","Manchester City","Antalyaspor","3500000"
"Bruno Zuculini","Manchester City","Hellas Verona","1250000"
"Virgil van Dijk","Southampton FC","Liverpool FC","78800000"
"Mohamed Salah","AS Roma","Liverpool FC","42000000"
"Alex Oxlade-Chamberlain","Arsenal FC","Liverpool FC","38000000"
"Andrew Robertson","Hull City","Liverpool FC","9000000"
"Tony Gallacher","Falkirk FC","Liverpool FC","228000"
"Mamadou Sakho","Liverpool FC","Crystal Palace","28200000"
"Lucas Leiva","Liverpool FC","SS Lazio","5700000"
"Kevin Stewart","Liverpool FC","Hull City","4500000"
"Andre Wisdom","Liverpool FC","Derby County","2300000"
"Konstantinos Mavropanos","PAS Giannina","Arsenal FC","2100000"
"Theo Walcott","Arsenal FC","Everton FC","22500000"
"Wojciech Szczesny","Arsenal FC","Juventus FC","12200000"
"Kieran Gibbs","Arsenal FC","West Bromwich Albion","7500000"
"Romelu Lukaku","Everton FC","Manchester United","84700000"
"Victor Lindelöf","SL Benfica","Manchester United","35000000"
"Gylfi Sigurdsson","Swansea City","Everton FC","49400000"
"Michael Keane","Burnley FC","Everton FC","28500000"
"Jordan Pickford","Sunderland AFC","Everton FC","28500000"
"Davy Klaassen","Ajax Amsterdam","Everton FC","27000000"
"Cenk Tosun","Besiktas JK","Everton FC","22500000"
"Nikola Vlasic","HNK Hajduk Split","Everton FC","10800000"
"Henry Onyekuru","KAS Eupen","Everton FC","8000000"
"Tom Cleverley","Everton FC","Watford FC","9300000"
"Aaron Lennon","Everton FC","Burnley FC","1700000"
"Gareth Barry","Everton FC","West Bromwich Albion","1100000"
"Aiden McGeady","Everton FC","Sunderland AFC","280000"
"Mario Lemina","Juventus FC","Southampton FC","17000000"
"Wesley Hoedt","SS Lazio","Southampton FC","16400000"
"Jan Bednarek","Lech Poznan","Southampton FC","6000000"
"Jay Rodríguez","Southampton FC","West Bromwich Albion","13700000"
"Yuning Zhang","Vitesse Arnhem","West Bromwich Albion","7200000"
"Ahmed Hegazy","El Ahly Cairo","West Bromwich Albion","5000000"
"Craig Gardner","West Bromwich Albion","Birmingham City","1750000"
"Marko Arnautovic","Stoke City","West Ham United","22300000"
"Jordan Hugill","Preston North End","West Ham United","10200000"
"Sead Haksabanovic","Halmstads BK","West Ham United","3000000"
"André Ayew","West Ham United","Swansea City","22800000"
"Ashley Fletcher","West Ham United","Middlesbrough FC","7300000"
"Darren Randolph","West Ham United","Middlesbrough FC","5600000"
"José Fonte","West Ham United","Dalian Yifang","5570000"
"Enner Valencia","West Ham United","Tigres UANL","5500000"
"Sofiane Feghouli","West Ham United","Galatasaray SK","4250000"
"Adrien Silva","Sporting CP","Leicester City","24500000"
"Harry Maguire","Hull City","Leicester City","13700000"
"Eldin Jakupovic","Hull City","Leicester City","2300000"
"Fousseni Diabaté","GFC Ajaccio","Leicester City","2000000"
"Sam Hughes","Chester FC","Leicester City","145000"
"Tom Lawrence","Leicester City","Derby County","5500000"
"Badou Ndiaye","Galatasaray SK","Stoke City","16000000"
"Bruno Martins Indi","FC Porto","Stoke City","7700000"
"Moritz Bauer","Rubin Kazan","Stoke City","6200000"
"Joselu","Stoke City","Newcastle United","5500000"
"Jonathan Walters","Stoke City","Burnley FC","2300000"
"Glenn Whelan","Stoke City","Aston Villa","1700000"
"Phil Bardsley","Stoke City","Burnley FC","840000"
"Jairo Riedewald","Ajax Amsterdam","Crystal Palace","9000000"
"Alexander Sörloth","FC Midtjylland","Crystal Palace","9000000"
"Jaroslaw Jach","Zaglebie Lubin","Crystal Palace","2750000"
"Sam Clucas","Hull City","Swansea City","16300000"
"Jack Cork","Swansea City","Burnley FC","9100000"
"Stephen Kingsley","Swansea City","Hull City","3300000"
"Bafétimbi Gomis","Swansea City","Galatasaray SK","2500000"
"Modou Barrow","Swansea City","Reading FC","1700000"
"Chris Wood","Leeds United","Burnley FC","16400000"
"Nahki Wells","Huddersfield Town","Burnley FC","5400000"
"Andre Gray","Burnley FC","Watford FC","20400000"
"Tendayi Darikwa","Burnley FC","Nottingham Forest","1100000"
"Richarlison","Fluminense Football Club","Watford FC","12400000"
"Will Hughes","Derby County","Watford FC","9100000"
"Dodi Lukebakio","RSC Charleroi","Watford FC","5000000"
"Pontus Dahlberg","IFK Göteborg","Watford FC","3900000"
"Marvin Zeegelaar","Sporting CP","Watford FC","3000000"
"Sven Kums","Watford FC","RSC Anderlecht","6500000"
"Steven Berghuis","Watford FC","Feyenoord Rotterdam","6500000"
"Uche Agbo","Watford FC","Standard Liège","2500000"
"Jacob Murphy","Norwich City","Newcastle United","11300000"
"Grant Hanley","Newcastle United","Norwich City","3800000"
"Daryl Murphy","Newcastle United","Nottingham Forest","2300000"
"Siem de Jong","Newcastle United","Ajax Amsterdam","2300000"
"Jürgen Locadia","PSV Eindhoven","Brighton & Hove Albion","17000000"
"José Izquierdo","Club Brugge KV","Brighton & Hove Albion","15000000"
"Davy Pröpper","PSV Eindhoven","Brighton & Hove Albion","13000000"
"Markus Suttner","FC Ingolstadt 04","Brighton & Hove Albion","4500000"
"Ezequiel Schelotto","Sporting CP","Brighton & Hove Albion","3000000"
"Pascal Groß","FC Ingolstadt 04","Brighton & Hove Albion","3000000"
"Ales Mateju","FC Viktoria Plzen","Brighton & Hove Albion","2500000"
"Soufyan Ahannach","Almere City FC","Brighton & Hove Albion","600000"
"Alex Pritchard","Norwich City","Huddersfield Town","12350000"
"Tom Ince","Derby County","Huddersfield Town","9100000"
"Scott Malone","Fulham FC","Huddersfield Town","3900000"
"Laurent Depoitre","FC Porto","Huddersfield Town","3800000"
"Zanka","FC Copenhagen","Huddersfield Town","2700000"
"Abdelhamid Sabiri","1.FC Nuremberg","Huddersfield Town","1500000"
"Elias Kachunga","FC Ingolstadt 04","Huddersfield Town","1300000"
"Kyle Dempsey","Huddersfield Town","Fleetwood Town","455000"
"Rúben Pinto","Os Belenenses SAD","CSKA Sofia","300000"
"Filip Krovinovic","Rio Ave FC","SL Benfica","3500000"
"Mile Svilar","RSC Anderlecht","SL Benfica","2500000"
"Martin Chrien","FC Viktoria Plzen","SL Benfica","1000000"
"João Amaral","Vitória Setúbal FC","SL Benfica","600000"
"Mato Milos","NK Istra 1961","SL Benfica","400000"
"Pedro Rebocho","Moreirense FC","SL Benfica","150000"
"Bruno Varela","Vitória Setúbal FC","SL Benfica","100000"
"Guillermo Celis","SL Benfica","Vitória Guimarães SC","1750000"
"Hany Mukhtar","SL Benfica","Bröndby IF","1500000"
"Daniel Candeias","SL Benfica","Rangers FC","800000"
"Lucas Tagliapietra","Boavista Porto FC","LDU Quito","500000"
"Raúl Silva","CS Marítimo","SC Braga","2000000"
"Fransérgio","CS Marítimo","SC Braga","1250000"
"Diogo Figueiras","Olympiacos Piraeus","SC Braga","1200000"
"Andrej Lukic","NK Osijek","SC Braga","1000000"
"Dyego Sousa","CS Marítimo","SC Braga","296000"
"Rui Fonte","SC Braga","Fulham FC","9130000"
"Rodrigo Battaglia","SC Braga","Sporting CP","4500000"
"Pedro Santos","SC Braga","Columbus Crew SC","2000000"
"Tomás Martínez","SC Braga","Houston Dynamo","1660000"
"Stephen Eustáquio","Leixões SC","GD Chaves","500000"
"Nikola Maras","FK Rad","GD Chaves","400000"
"Jefferson","HNK Hajduk Split","GD Chaves","350000"
"Aílton","Fluminense Football Club","GD Estoril Praia","310000"
"Allano Lima","Cruzeiro Esporte Clube","GD Estoril Praia","265000"
"Matheus Índio","Club de Regatas Vasco da Gama","GD Estoril Praia","175000"
"Matheus Jesus","Associação Atlética Ponte Preta","GD Estoril Praia","125000"
"Jonata","Clube de Regatas Brasil (AL)","GD Estoril Praia","75000"
"Eduardo","Fluminense Football Club","GD Estoril Praia","25000"
"Carlinhos","GD Estoril Praia","Standard Liège","2500000"
"Mattheus","GD Estoril Praia","Sporting CP","2000000"
"Diogo Amado","GD Estoril Praia","Al Gharafa Sports Club","550000"
"Vaná Alves","CD Feirense","FC Porto","1000000"
"Ibson","Ermis Aradippou","CS Marítimo","50000"
"Cauê","Moreirense FC","Omiya Ardija","750000"
"Gegé","FC Paços de Ferreira","Al-Feiha FC","500000"
"André Silva","FC Porto","AC Milan","38000000"
"Rúben Neves","FC Porto","Wolverhampton Wanderers","17900000"
"Lumor","Portimonense SC","Sporting CP","2500000"
"Gabrielzinho","Clube Atlético Linense (SP)","Rio Ave FC","800000"
"Roderick Miranda","Rio Ave FC","Wolverhampton Wanderers","3000000"
"Rúben Ribeiro","Rio Ave FC","Sporting CP","400000"
"William Jebor","Rio Ave FC","Al-Nassr FC","380000"
"Bruno Fernandes","UC Sampdoria","Sporting CP","9690000"
"Marcos Acuña","Racing Club","Sporting CP","9590000"
"Wendel","Fluminense Football Club","Sporting CP","7500000"
"Seydou Doumbia","AS Roma","Sporting CP","3000000"
"Josip Misic","HNK Rijeka","Sporting CP","2750000"
"Leonardo Acevedo","Atlético Nacional","Sporting CP","500000"
"Teófilo Gutiérrez","Sporting CP","Junior FC","1830000"
"Ewerton","Sporting CP","1.FC Nuremberg","850000"
"Oriol Rosell","Sporting CP","Orlando City SC","402000"
"Tomané","FC Arouca","CD Tondela","100000"
"Óscar Estupiñán","Once Caldas","Vitória Guimarães SC","2000000"
"Pedrão","Cianorte Futebol Clube (PR)","Vitória Guimarães SC","2000000"
"Sebastián Rincón","Club Atlético Tigre","Vitória Guimarães SC","1650000"
"Paolo Hurtado","Reading FC","Vitória Guimarães SC","500000"
"Bruno Gaspar","Vitória Guimarães SC","ACF Fiorentina","4000000"
"Josué Sá","Vitória Guimarães SC","RSC Anderlecht","2200000"
"Fábio Cardoso","Vitória Setúbal FC","Rangers FC","1500000"
"Rafa Silva","SC Braga","SL Benfica","16000000"
"Konstantinos Mitroglou","Fulham FC","SL Benfica","7000000"
"Franco Cervi","Club Atlético Rosario Central","SL Benfica","5700000"
"Oscar Benítez","Club Atlético Lanús","SL Benfica","4400000"
"Marcelo Hermes","Grêmio Foot-Ball Porto Alegrense","SL Benfica","2910000"
"Pedro Pereira","UC Sampdoria","SL Benfica","2660000"
"Guillermo Celis","Junior FC","SL Benfica","2300000"
"Filipe Augusto","Rio Ave FC","SL Benfica","2000000"
"Pedro Nuno","Académica Coimbra","SL Benfica","400000"
"André Horta","Vitória Setúbal FC","SL Benfica","400000"
"Hélder Costa","SL Benfica","Wolverhampton Wanderers","15000000"
"Nélson Oliveira","SL Benfica","Norwich City","5850000"
"Jorge Rojas","SL Benfica","Club Cerro Porteño","1000000"
"Alan Ruiz","Club Atlético San Lorenzo de Almagro","Sporting CP","4840000"
"Bruno Paulista","Esporte Clube Bahia","Sporting CP","3500000"
"Elias","Sport Club Corinthians Paulista","Sporting CP","2500000"
"Lukas Spalvis","Aalborg BK","Sporting CP","1610000"
"André","Sport Club Corinthians Paulista","Sporting CP","1000000"
"Douglas","Trabzonspor","Sporting CP","1000000"
"Radosav Petrovic","Dynamo Kyiv","Sporting CP","1000000"
"João Mário","Sporting CP","Inter Milan","40000000"
"Naldo","Sporting CP","FK Krasnodar","4500000"
"Elias","Sporting CP","Clube Atlético Mineiro","2500000"
"André","Sporting CP","Sport Club do Recife","1200000"
"Junya Tanaka","Sporting CP","Vissel Kobe","430000"
"João Pereira","Sporting CP","Trabzonspor","300000"
"Willy Boly","SC Braga","FC Porto","6500000"
"Alex Telles","Galatasaray SK","FC Porto","6500000"
"Felipe","Sport Club Corinthians Paulista","FC Porto","6200000"
"Laurent Depoitre","KAA Gent","FC Porto","6000000"
"Tiquinho Soares","Vitória Guimarães SC","FC Porto","5600000"
"Maicon","FC Porto","São Paulo Futebol Clube","12000000"
"Nabil Ghilas","FC Porto","Gaziantepspor","2000000"
"Silvestre Varela","FC Porto","Kayserispor","500000"
"Licá","FC Porto","Nottingham Forest","358000"
"Rafael Assis","GD Chaves","SC Braga","1420000"
"Tomás Martínez","Club Atlético River Plate","SC Braga","1300000"
"Marko Bakic","ACF Fiorentina","SC Braga","900000"
"Lazar Rosic","FK Vojvodina Novi Sad","SC Braga","750000"
"Paulinho","GD Chaves","SC Braga","350000"
"Wallace","SC Braga","SS Lazio","8000000"
"Stanislav Kritsyuk","SC Braga","FK Krasnodar","4000000"
"Felipe Pardo","SC Braga","Olympiacos Piraeus","1500000"
"Carlinhos","Atlético Monte Azul (SP)","GD Estoril Praia","180000"
"André Claro","Vitória Setúbal FC","GD Estoril Praia","100000"
"Léo Bonatini","GD Estoril Praia","Al-Hilal Riyadh","5500000"
"Anderson Esiti","GD Estoril Praia","KAA Gent","1500000"
"Gerso","Os Belenenses SAD","Sporting Kansas City","1500000"
"Rafael Martins","Levante UD","Vitória Guimarães SC","500000"
"Tiquinho Soares","Centro Sportivo Paraibano (PB)","Vitória Guimarães SC","500000"
"João Pedro","Vitória Guimarães SC","Los Angeles Galaxy","1450000"
"Nelson Bonilla","FK Zira","CD Nacional","100000"
"Ali Ghazal","CD Nacional","Guizhou Hengfeng","2600000"
"Boubacar Fofana","CD Nacional","Al-Ettifaq","300000"
"Rafael Batatinha","CD Santa Clara","GD Chaves","50000"
"Freire","GD Chaves","Shimizu S-Pulse","500000"
"Marten de Roon","Middlesbrough FC","Atalanta BC","13500000"
"Timothy Castagne","KRC Genk","Atalanta BC","6000000"
"Fabio Eguelfi","Inter Milan","Atalanta BC","6000000"
"Josip Ilicic","ACF Fiorentina","Atalanta BC","5500000"
"Etrit Berisha","SS Lazio","Atalanta BC","5000000"
"Federico Mattiello","Juventus FC","Atalanta BC","5000000"
"José Luis Palomino","PFK Ludogorets Razgrad","Atalanta BC","4000000"
"Andreas Cornelius","FC Copenhagen","Atalanta BC","3500000"
"Luca Vido","AC Milan","Atalanta BC","1000000"
"Matteo Pessina","AC Milan","Atalanta BC","1000000"
"Robin Gosens","Heracles Almelo","Atalanta BC","900000"
"Andrea Conti","Atalanta BC","AC Milan","24000000"
"Roberto Gagliardini","Atalanta BC","Inter Milan","20000000"
"Alessandro Bastoni","Atalanta BC","Inter Milan","8000000"
"Gianluca Di Chiara","AC Perugia Calcio","Benevento Calcio","2800000"
"Jean-Claude Billong","NK Maribor","Benevento Calcio","2100000"
"Samuel Armenteros","Heracles Almelo","Benevento Calcio","2000000"
"Gaetano Letizia","Carpi FC 1909","Benevento Calcio","1750000"
"Vid Belec","Carpi FC 1909","Benevento Calcio","1750000"
"Massimo Coda","US Salernitana 1919","Benevento Calcio","1700000"
"Andrea Costa","FC Empoli","Benevento Calcio","1500000"
"Raman Chibsah","US Sassuolo","Benevento Calcio","850000"
"Bright Gyamfi","Inter Milan","Benevento Calcio","280000"
"Andrew Gravillon","Benevento Calcio","Delfino Pescara 1936","3500000"
"Karamoko Cissé","Benevento Calcio","FC Bari 1908","200000"
"Saphir Taider","Inter Milan","Bologna FC 1909","4000000"
"Sebastien De Maio","RSC Anderlecht","Bologna FC 1909","2000000"
"Filip Helander","Hellas Verona","Bologna FC 1909","2000000"
"Giancarlo González","US Palermo","Bologna FC 1909","1500000"
"Nehuén Paz","Club Atlético Newell's Old Boys","Bologna FC 1909","800000"
"Filippo Romagna","Juventus FC","Cagliari Calcio","7600000"
"Senna Miangue","Inter Milan","Cagliari Calcio","3200000"
"Damir Ceter","Deportes Quindío","Cagliari Calcio","3200000"
"Paolo Faragò","Novara Calcio 1908","Cagliari Calcio","2300000"
"Gregory van der Wiel","Fenerbahce SK","Cagliari Calcio","1000000"
"Charalampos Lykogiannis","SK Sturm Graz","Cagliari Calcio","500000"
"Nicola Murru","Cagliari Calcio","UC Sampdoria","7000000"
"Dario Del Fabro","Cagliari Calcio","Juventus FC","4500000"
"Duje Cop","Cagliari Calcio","Standard Liège","3000000"
"Marco Borriello","Cagliari Calcio","SPAL 2013","1000000"
"Víctor Ibarbo","Cagliari Calcio","Sagan Tosu","500000"
"Marco Fossati","Cagliari Calcio","Hellas Verona","300000"
"Simone Colombi","Cagliari Calcio","Carpi FC 1909","275000"
"Luca Garritano","AC Cesena","Chievo Verona","1000000"
"Alejandro Rodríguez","AC Cesena","Chievo Verona","500000"
"Martin Valjent","Ternana Unicusano Calcio","Chievo Verona","500000"
"Pawel Jaroszynski","Cracovia Kraków","Chievo Verona","400000"
"Michele Rigione","AC Cesena","Chievo Verona","200000"
"Roberto Inglese","Chievo Verona","SSC Napoli","10000000"
"Paul-José Mpoku","Chievo Verona","Standard Liège","1800000"
"Ivan Provedel","Chievo Verona","FC Empoli","1200000"
"Tomasz Kupisz","Chievo Verona","AC Cesena","700000"
"Caleb Ekuban","Chievo Verona","Leeds United","560000"
"Raffaele Pucino","Chievo Verona","US Salernitana 1919","500000"
"Marco Calderoni","Chievo Verona","Novara Calcio 1908","500000"
"Emanuele Gatto","Chievo Verona","US Alessandria Calcio 1912","100000"
"Aristóteles Romero","Mineros de Guayana","FC Crotone","1500000"
"Giovanni Crociata","AC Milan","FC Crotone","450000"
"Oliver Kragl","Frosinone Calcio","FC Crotone","400000"
"Giovanni Simeone","Genoa CFC","ACF Fiorentina","15000000"
"Marco Benassi","Torino FC","ACF Fiorentina","10000000"
"Vitor Hugo","Sociedade Esportiva Palmeiras","ACF Fiorentina","8000000"
"Jordan Veretout","Aston Villa","ACF Fiorentina","7000000"
"Nikola Milenkovic","FK Partizan Belgrade","ACF Fiorentina","5100000"
"Carlos Sánchez","Aston Villa","ACF Fiorentina","3000000"
"Maximiliano Olivera","CA Peñarol","ACF Fiorentina","2500000"
"Petko Hristov","Slavia Sofia","ACF Fiorentina","1700000"
"Martin Graiciar","FC Slovan Liberec","ACF Fiorentina","1500000"
"Cyril Théréau","Udinese Calcio","ACF Fiorentina","1500000"
"Rafik Zekhnini","Odds BK","ACF Fiorentina","1500000"
"Gaetano Castrovilli","FC Bari 1908","ACF Fiorentina","1400000"
"Federico Bernardeschi","ACF Fiorentina","Juventus FC","40000000"
"Matías Vecino","ACF Fiorentina","Inter Milan","24000000"
"Borja Valero","ACF Fiorentina","Inter Milan","5500000"
"Ianis Hagi","ACF Fiorentina","FC Viitorul ","2000000"
"Hrvoje Milic","ACF Fiorentina","Olympiacos Piraeus","1500000"
"Ricardo Centurión","São Paulo Futebol Clube","Genoa CFC","5000000"
"Oscar Hiljemark","US Palermo","Genoa CFC","2500000"
"Petar Brlek","Wisla Kraków","Genoa CFC","2200000"
"Luca Rossettini","Torino FC","Genoa CFC","2000000"
"Jawad El Yamiq","Raja Club Athletic Casablanca","Genoa CFC","650000"
"Thomas Rodríguez","Club Atlético Banfield","Genoa CFC","600000"
"Stephane Omeonga","US Avellino 1912","Genoa CFC","500000"
"Ricardo Centurión","Genoa CFC","Racing Club","5700000"
"Lucas Orbán","Genoa CFC","Racing Club","2500000"
"Bruno Zuculini","Hellas Verona","Club Atlético River Plate","3250000"
"Ernesto Torregrossa","Hellas Verona","Brescia Calcio","900000"
"Martín Cáceres","Hellas Verona","SS Lazio","600000"
"Milan Skriniar","UC Sampdoria","Inter Milan","27000000"
"Gianluca Caprari","Inter Milan","UC Sampdoria","15000000"
"Juan Jesus","Inter Milan","AS Roma","8000000"
"Dodô","Inter Milan","UC Sampdoria","5500000"
"Federico Dimarco","Inter Milan","FC Sion","4000000"
"Gary Medel","Inter Milan","Besiktas JK","2500000"
"Caner Erkin","Inter Milan","Besiktas JK","750000"
"Mattia De Sciglio","AC Milan","Juventus FC","12000000"
"Rodrigo Bentancur","Club Atlético Boca Juniors","Juventus FC","10500000"
"Ferdinando Del Sole","Delfino Pescara 1936","Juventus FC","3700000"
"Matheus Pereira","FC Empoli","Juventus FC","2000000"
"Leonardo Mancuso","Delfino Pescara 1936","Juventus FC","2000000"
"Leonardo Bonucci","Juventus FC","AC Milan","42000000"
"Pol Lirola","Juventus FC","US Sassuolo","7000000"
"Francesco Cassata","Juventus FC","US Sassuolo","7000000"
"Mattia Vitale","Juventus FC","SPAL 2013","2000000"
"Cristian Bunino","Juventus FC","Delfino Pescara 1936","1650000"
"Simone Ganz","Juventus FC","Delfino Pescara 1936","1500000"
"Lorenzo Rosseti","Juventus FC","Ascoli Picchio","1000000"
"Francesco Margiotta","Juventus FC","FC Lausanne-Sport","1000000"
"Younes Bnou Marzouk","Juventus FC","FC Lugano","400000"
"Cristian Pasquato","Juventus FC","Legia Warszawa","250000"
"Vykintas Slivka","Juventus FC","Hibernian FC","100000"
"Adam Marusic","KV Oostende","SS Lazio","6500000"
"Francesco Orlando","Vicenza Calcio","SS Lazio","300000"
"Lucas Biglia","SS Lazio","AC Milan","17000000"
"Josip Elez","SS Lazio","HNK Rijeka","500000"
"Antonio Donnarumma","Asteras Tripolis","AC Milan","1500000"
"Juraj Kucka","AC Milan","Trabzonspor","5000000"
"José Sosa","AC Milan","Trabzonspor","3400000"
"Leonel Vangioni","AC Milan","CF Monterrey","1700000"
"Nikola Maksimovic","Torino FC","SSC Napoli","20000000"
"Marko Rog","GNK Dinamo Zagreb","SSC Napoli","13000000"
"Mário Rui","AS Roma","SSC Napoli","5500000"
"Ivan Strinic","SSC Napoli","UC Sampdoria","2000000"
"Eddy Gnahoré","SSC Napoli","US Palermo","1500000"
"Raffaele Maiello","SSC Napoli","Frosinone Calcio","1200000"
"Rick Karsdorp","Feyenoord Rotterdam","AS Roma","14000000"
"Cengiz Ünder","Basaksehir ","AS Roma","13400000"
"Bruno Peres","Torino FC","AS Roma","12500000"
"Lorenzo Pellegrini","US Sassuolo","AS Roma","10000000"
"Mário Rui","FC Empoli","AS Roma","6000000"
"Héctor Moreno","PSV Eindhoven","AS Roma","5700000"
"Leandro Paredes","AS Roma","Zenit St. Petersburg","23000000"
"Riccardo Marchizza","AS Roma","US Sassuolo","4500000"
"Davide Frattesi","AS Roma","US Sassuolo","3000000"
"Nemanja Radonjic","AS Roma","Red Star Belgrade","3000000"
"Federico Ricci","AS Roma","US Sassuolo","3000000"
"William Vainqueur","AS Roma","Antalyaspor","500000"
"Gastón Ramírez","Middlesbrough FC","UC Sampdoria","9000000"
"Bruno Fernandes","Udinese Calcio","UC Sampdoria","6000000"
"Dawid Kownacki","Lech Poznan","UC Sampdoria","4000000"
"Joachim Andersen","FC Twente Enschede","UC Sampdoria","1400000"
"Jakub Hromada","UC Sampdoria","SK Slavia Prag","500000"
"Edoardo Goldaniga","US Palermo","US Sassuolo","4000000"
"Felipe","Udinese Calcio","SPAL 2013","1000000"
"Everton Luiz","FK Partizan Belgrade","SPAL 2013","700000"
"Pa Konate","Malmö FF","SPAL 2013","300000"
"Sauli Väisänen","AIK Solna","SPAL 2013","200000"
"Thiago Cionek","US Palermo","SPAL 2013","150000"
"Luca Mora","SPAL 2013","Spezia Calcio","250000"
"Lyanco","São Paulo Futebol Clube","Torino FC","7000000"
"Álex Berenguer","CA Osasuna","Torino FC","5500000"
"Vanja Milinković-Savić","Lechia Gdansk","Torino FC","2600000"
"Vitalie Damascan","Sheriff Tiraspol","Torino FC","1500000"
"Pontus Jansson","Torino FC","Leeds United","4000000"
"Gastón Silva","Torino FC","Club Atlético Independiente","1400000"
"Panagiotis Tachtsidis","Torino FC","Olympiacos Piraeus","700000"
"Marco Chiosa","Torino FC","Novara Calcio 1908","500000"
"Simone Rosso","Torino FC","FC Pro Vercelli 1892","200000"
"Riad Bajić","Konyaspor","Udinese Calcio","5500000"
"Giuseppe Pezzella","US Palermo","Udinese Calcio","4500000"
"Bram Nuytinck","RSC Anderlecht","Udinese Calcio","3000000"
"Antonin Barak","SK Slavia Prag","Udinese Calcio","3000000"
"Mamadou Coulibaly","Delfino Pescara 1936","Udinese Calcio","2000000"
"Jens Stryger Larsen","Austria Vienna","Udinese Calcio","1500000"
"Svante Ingelsson","Kalmar FF","Udinese Calcio","750000"
"Bryan Cabezas","Independiente del Valle","Atalanta BC","1600000"
"Alessandro Santopadre","AC Perugia Calcio","Atalanta BC","1000000"
"Nicolò Fazzi","AC Perugia Calcio","Atalanta BC","700000"
"Hans Hateboer","FC Groningen","Atalanta BC","340000"
"Gianluca Mancini","AC Perugia Calcio","Atalanta BC","300000"
"Mattia Caldara","Atalanta BC","Juventus FC","19000000"
"Davide Brivio","Atalanta BC","Genoa CFC","4000000"
"Luca Cigarini","Atalanta BC","UC Sampdoria","3500000"
"Richmond Boakye","Atalanta BC","US Latina Calcio","2000000"
"Simone Verdi","AC Milan","Bologna FC 1909","6500000"
"Luca Rizzo","UC Sampdoria","Bologna FC 1909","6000000"
"Godfred Donsah","Cagliari Calcio","Bologna FC 1909","5000000"
"Ladislav Krejci","AC Sparta Praha","Bologna FC 1909","3800000"
"Lorenzo Crisetig","Inter Milan","Bologna FC 1909","2700000"
"Ádám Nagy","Ferencvárosi TC","Bologna FC 1909","1800000"
"Juan Manuel Valencia","Cortuluá","Bologna FC 1909","1400000"
"Federico Di Francesco","SS Virtus Lanciano","Bologna FC 1909","1400000"
"Bruno Petkovic","Trapani Calcio","Bologna FC 1909","1300000"
"Blerim Dzemaili","Galatasaray SK","Bologna FC 1909","1300000"
"Deian Boldor","SS Virtus Lanciano","Bologna FC 1909","500000"
"Amadou Diawara","Bologna FC 1909","SSC Napoli","14500000"
"Luca Rossettini","Bologna FC 1909","Torino FC","1980000"
"Marco Crimi","Bologna FC 1909","Carpi FC 1909","500000"
"Artur Ionita","Hellas Verona","Cagliari Calcio","4400000"
"Mauricio Isla","Juventus FC","Cagliari Calcio","4000000"
"Simone Padoin","Juventus FC","Cagliari Calcio","570000"
"Marko Pajac","NK Celje ","Cagliari Calcio","400000"
"Rafael","Hellas Verona","Cagliari Calcio","150000"
"Davide Astori","Cagliari Calcio","ACF Fiorentina","3500000"
"Simone Benedetti","Cagliari Calcio","Virtus Entella","500000"
"Paul-José Mpoku","Standard Liège","Chievo Verona","4000000"
"Mattia Bani","FC Pro Vercelli 1892","Chievo Verona","4000000"
"Samuel Bastien","RSC Anderlecht","Chievo Verona","1300000"
"Antonio Floro Flores","US Sassuolo","Chievo Verona","600000"
"Fabrizio Cacciatore","UC Sampdoria","Chievo Verona","522000"
"Simone Moschin","Chievo Verona","FC Pro Vercelli 1892","4000000"
"Nikola Ninkovic","Chievo Verona","Genoa CFC","550000"
"Ante Budimir","FC St. Pauli","FC Crotone","1000000"
"Noë Dussenne","Royal Excel Mouscron ","FC Crotone","950000"
"Federico Ceccherini","AS Livorno","FC Crotone","900000"
"Simy","Portimonense SC","FC Crotone","850000"
"Leonardo Capezzi","ACF Fiorentina","FC Crotone","800000"
"Maxwell Acosty","US Latina Calcio","FC Crotone","600000"
"Marcus Rohdén","IF Elfsborg","FC Crotone","500000"
"Nicolò Fazzi","ACF Fiorentina","FC Crotone","50000"
"Gian Marco Ferrari","FC Crotone","US Sassuolo","4000000"
"Ante Budimir","FC Crotone","UC Sampdoria","1800000"
"Leonardo Capezzi","FC Crotone","UC Sampdoria","1000000"
"Nicolò Fazzi","FC Crotone","AC Perugia Calcio","700000"
"Raffaele Palladino","FC Crotone","Genoa CFC","250000"
"Matheus Pereira","Sport Club Corinthians Paulista","FC Empoli","2000000"
"Miha Zajc","NK Olimpija Ljubljana","FC Empoli","1700000"
"Marcel Büchel","Juventus FC","FC Empoli","1200000"
"Omar El Kaddouri","SSC Napoli","FC Empoli","1200000"
"Lorenzo Tonelli","FC Empoli","SSC Napoli","10000000"
"Kevin Diks","Vitesse Arnhem","ACF Fiorentina","2800000"
"Bartlomiej Dragowski","Jagiellonia Bialystok","ACF Fiorentina","2500000"
"Ianis Hagi","FC Viitorul ","ACF Fiorentina","2000000"
"Hrvoje Milic","HNK Hajduk Split","ACF Fiorentina","1000000"
"José María Basanta","ACF Fiorentina","CF Monterrey","1000000"
"Rafal Wolski","ACF Fiorentina","Lechia Gdansk","500000"
"Gianluca Mancini","ACF Fiorentina","AC Perugia Calcio","150000"
"Diego Laxalt","Inter Milan","Genoa CFC","5800000"
"Giovanni Simeone","Club Atlético River Plate","Genoa CFC","5100000"
"Cristian Ansaldi","Zenit St. Petersburg","Genoa CFC","4000000"
"Leonardo Morosini","Brescia Calcio","Genoa CFC","2500000"
"Davide Biraschi","US Avellino 1912","Genoa CFC","1600000"
"Andrea Beghetto","SPAL 2013","Genoa CFC","1500000"
"Santiago Gentiletti","SS Lazio","Genoa CFC","500000"
"Simone Tascone","Ternana Calcio","Genoa CFC","100000"
"Leonardo Pavoletti","Genoa CFC","SSC Napoli","18000000"
"Cristian Ansaldi","Genoa CFC","Inter Milan","10500000"
"Diego Perotti","Genoa CFC","AS Roma","9000000"
"Tomás Rincón","Genoa CFC","Juventus FC","8000000"
"Sebastien De Maio","Genoa CFC","RSC Anderlecht","3300000"
"Panagiotis Tachtsidis","Genoa CFC","Torino FC","1300000"
"Diego Capel","Genoa CFC","RSC Anderlecht","200000"
"Gabriel Barbosa","Santos FC","Inter Milan","29500000"
"Antonio Candreva","SS Lazio","Inter Milan","22000000"
"Éder","UC Sampdoria","Inter Milan","9800000"
"Gianluca Caprari","Delfino Pescara 1936","Inter Milan","8250000"
"Dodô","AS Roma","Inter Milan","7800000"
"Marcelo Brozovic","GNK Dinamo Zagreb","Inter Milan","5000000"
"Rey Manaj","US Cremonese","Inter Milan","500000"
"Cristiano Biraghi","Inter Milan","Delfino Pescara 1936","5000000"
"Daniel Bessa","Inter Milan","Hellas Verona","1200000"
"Gonzalo Higuaín","SSC Napoli","Juventus FC","90000000"
"Miralem Pjanic","AS Roma","Juventus FC","32000000"
"Marko Pjaca","GNK Dinamo Zagreb","Juventus FC","23000000"
"Riccardo Orsolini","Ascoli Picchio","Juventus FC","6000000"
"Hernanes","Juventus FC","Hebei China Fortune","8000000"
"Hördur Magnússon","Juventus FC","Bristol City","2100000"
"Vincenzo Fiorillo","Juventus FC","Delfino Pescara 1936","1000000"
"Andrea Schiavone","Juventus FC","AC Cesena","500000"
"Bastos","FK Rostov","SS Lazio","5000000"
"Jordan Lukaku","KV Oostende","SS Lazio","4000000"
"Luiz Felipe","Ituano Futebol Clube (SP)","SS Lazio","750000"
"Ogenyi Onazi","SS Lazio","Trabzonspor","3500000"
"Gianluca Lapadula","Delfino Pescara 1936","AC Milan","9000000"
"Gustavo Gómez","Club Atlético Lanús","AC Milan","8500000"
"José Sosa","Besiktas JK","AC Milan","7500000"
"Stephan El Shaarawy","AC Milan","AS Roma","13000000"
"Gianmario Comi","AC Milan","Carpi FC 1909","300000"
"Arkadiusz Milik","Ajax Amsterdam","SSC Napoli","32000000"
"Piotr Zielinski","Udinese Calcio","SSC Napoli","14000000"
"Leandrinho","Associação Atlética Ponte Preta","SSC Napoli","590000"
"Mirko Valdifiori","SSC Napoli","Torino FC","3400000"
"Mariano Andújar","SSC Napoli","Club Estudiantes de La Plata","455000"
"Soma Novothny","SSC Napoli","Sint-Truidense VV","150000"
"Bruno Henrique","Sport Club Corinthians Paulista","US Palermo","3300000"
"Haitam Aleesami","IFK Göteborg","US Palermo","1380000"
"Stefan Silva","GIF Sundsvall","US Palermo","800000"
"Alessandro Gazzi","Torino FC","US Palermo","700000"
"Ilija Nestorovski","NK Inter Zapresic","US Palermo","500000"
"Bruno Henrique","US Palermo","Sociedade Esportiva Palmeiras","3500000"
"Achraf Lazaar","US Palermo","Newcastle United","2850000"
"Emiliano Viviano","US Palermo","UC Sampdoria","2300000"
"Ahmad Benali","US Palermo","Delfino Pescara 1936","1000000"
"Valerio Verre","Udinese Calcio","Delfino Pescara 1936","4000000"
"Stefano Pettinari","AS Roma","Delfino Pescara 1936","400000"
"Antonio Mazzotta","AC Cesena","Delfino Pescara 1936","350000"
"Alessandro Crescenzi","AS Roma","Delfino Pescara 1936","300000"
"Alessio Di Massimo","Sant'Omero Palmense","Delfino Pescara 1936","300000"
"Andrea Coda","UC Sampdoria","Delfino Pescara 1936","200000"
"Cesare Bovo","Torino FC","Delfino Pescara 1936","100000"
"Valerio Verre","Delfino Pescara 1936","UC Sampdoria","4000000"
"Gerson","Fluminense Football Club","AS Roma","16600000"
"Antonio Rüdiger","VfB Stuttgart","AS Roma","9000000"
"Alisson","Sport Club Internacional","AS Roma","8000000"
"Ervin Zukanovic","UC Sampdoria","AS Roma","2800000"
"Abdullahi Nura","Spezia Calcio","AS Roma","2500000"
"Umar Sadiq","Spezia Calcio","AS Roma","2500000"
"Emerson","Santos FC","AS Roma","2000000"
"Norbert Gyömbér","Calcio Catania","AS Roma","1500000"
"Adem Ljajic","AS Roma","Torino FC","9000000"
"Iago Falque","AS Roma","Torino FC","6000000"
"Matteo Politano","AS Roma","US Sassuolo","3500000"
"Mihai Balasa","AS Roma","Steaua Bukarest","500000"
"Tomas Vestenicky","AS Roma","Cracovia Kraków","100000"
"Dennis Praet","RSC Anderlecht","UC Sampdoria","10000000"
"Jacopo Sala","Hellas Verona","UC Sampdoria","5000000"
"Patrik Schick","AC Sparta Praha","UC Sampdoria","4000000"
"Karol Linetty","Lech Poznan","UC Sampdoria","3200000"
"Fabio Quagliarella","Torino FC","UC Sampdoria","2700000"
"Bartosz Bereszynski","Legia Warszawa","UC Sampdoria","2000000"
"Lorenco Simic","HNK Hajduk Split","UC Sampdoria","1200000"
"Antonio Palumbo","Ternana Calcio","UC Sampdoria","700000"
"Fernando","UC Sampdoria","Spartak Moscow","12500000"
"Alfred Duncan","UC Sampdoria","US Sassuolo","6000000"
"Lorenzo De Silvestri","UC Sampdoria","Torino FC","3500000"
"Pawel Wszolek","UC Sampdoria","Hellas Verona","2000000"
"José Campaña","UC Sampdoria","Levante UD","500000"
"Timo Letschert","FC Utrecht","US Sassuolo","3500000"
"Antonino Ragusa","AC Cesena","US Sassuolo","2400000"
"Pietro Iemmello","Spezia Calcio","US Sassuolo","2300000"
"Sasa Lukic","FK Partizan Belgrade","Torino FC","1700000"
"Samuel Gustafson","BK Häcken","Torino FC","600000"
"Carlão","APOEL Nicosia","Torino FC","500000"
"Josef Martínez","Torino FC","Atlanta United FC","4500000"
"Juan Sánchez Miño","Torino FC","Club Atlético Independiente","1280000"
"Kevin Lasagna","Carpi FC 1909","Udinese Calcio","4500000"
"Ewandro Costa","São Paulo Futebol Clube","Udinese Calcio","3000000"
"Pervis Estupiñán","LDU Quito","Udinese Calcio","500000"
"Nicolás López","Udinese Calcio","Sport Club Internacional","9090000"
"Gabriel Torje","Udinese Calcio","Terek Grozny","1000000"
"Iván Piris","Udinese Calcio","CF Monterrey","1000000"